inventory_record_id,date,sku_id,current_stock,reorder_level,safety_stock,supplier_id,lead_time_days,historical_delivery_delay_days,inventory_turnover_ratio,predicted_sales_demand,stockout_before_delivery
INV-000001,2025-11-08,SKU-076,108,76,26,SUPP-009,15,1.2,6.39,50.6,0
INV-000002,2025-12-20,SKU-074,117,65,22,SUPP-033,20,2.4,9.17,59.9,1
INV-000003,2025-10-13,SKU-024,94,73,25,SUPP-023,10,2.9,13.4,39.0,0
INV-000004,2025-10-31,SKU-010,219,132,46,SUPP-004,8,2.6,10.27,102.2,0
INV-000005,2025-12-08,SKU-043,72,75,26,SUPP-015,10,0.4,4.15,124.2,1
INV-000006,2025-12-16,SKU-042,49,68,23,SUPP-016,19,0.0,11.89,28.9,1
INV-000007,2025-10-20,SKU-081,123,85,29,SUPP-030,7,2.8,11.45,84.7,0
INV-000008,2025-11-11,SKU-090,18,121,42,SUPP-015,10,0.0,7.77,24.6,0
INV-000009,2025-10-02,SKU-068,132,120,42,SUPP-010,16,1.8,9.97,119.0,1
INV-000010,2025-12-18,SKU-058,122,127,44,SUPP-040,10,1.3,13.68,28.1,0
INV-000011,2025-10-10,SKU-064,122,72,25,SUPP-047,10,1.8,11.71,57.4,0
INV-000012,2025-11-25,SKU-045,42,88,30,SUPP-034,6,0.0,4.26,34.9,0
INV-000013,2025-12-22,SKU-036,203,105,36,SUPP-046,19,0.0,6.86,122.0,1
INV-000014,2025-10-28,SKU-052,56,147,51,SUPP-046,19,3.4,13.27,35.1,1
INV-000015,2025-10-11,SKU-036,61,71,24,SUPP-046,19,1.8,5.04,102.8,1
INV-000016,2025-11-20,SKU-047,42,90,31,SUPP-046,19,1.2,10.55,15.1,0
INV-000017,2025-12-09,SKU-003,204,135,47,SUPP-018,10,1.8,5.84,55.1,0
INV-000018,2025-12-14,SKU-063,5,69,24,SUPP-011,12,0.1,9.42,34.1,1
INV-000019,2025-12-06,SKU-088,42,68,23,SUPP-045,6,1.4,11.74,127.3,1
INV-000020,2025-12-18,SKU-016,138,138,48,SUPP-015,10,0.3,12.21,25.1,0
INV-000021,2025-11-29,SKU-023,28,56,19,SUPP-030,7,0.0,13.2,51.0,1
INV-000022,2025-10-12,SKU-067,182,122,42,SUPP-037,4,2.2,3.57,106.3,0
INV-000023,2025-10-08,SKU-064,10,39,13,SUPP-047,10,1.4,4.67,36.9,1
INV-000024,2025-11-17,SKU-080,66,128,44,SUPP-019,6,4.4,12.05,87.3,1
INV-000025,2025-11-30,SKU-095,242,126,44,SUPP-049,21,1.5,5.13,74.5,0
INV-000026,2025-11-15,SKU-038,230,147,51,SUPP-029,21,0.0,4.55,72.1,0
INV-000027,2025-11-29,SKU-047,96,115,40,SUPP-046,19,1.9,13.9,37.8,0
INV-000028,2025-10-19,SKU-010,63,62,21,SUPP-004,8,2.5,4.91,125.5,1
INV-000029,2025-12-13,SKU-062,218,135,47,SUPP-003,16,0.3,10.58,52.5,0
INV-000030,2025-11-16,SKU-064,22,58,20,SUPP-047,10,3.4,12.19,38.9,1
INV-000031,2025-12-01,SKU-086,9,78,27,SUPP-048,21,0.0,5.67,22.2,1
INV-000032,2025-11-26,SKU-072,143,71,24,SUPP-049,21,4.8,10.6,104.3,1
INV-000033,2025-10-19,SKU-083,42,57,19,SUPP-039,20,2.3,9.52,61.8,1
INV-000034,2025-11-23,SKU-006,244,130,45,SUPP-006,9,3.2,8.75,71.3,0
INV-000035,2025-10-29,SKU-084,215,132,46,SUPP-005,14,1.2,6.43,16.2,0
INV-000036,2025-10-12,SKU-051,77,98,34,SUPP-008,4,0.0,12.3,98.9,0
INV-000037,2025-11-26,SKU-095,32,53,18,SUPP-049,21,3.2,4.18,43.9,1
INV-000038,2025-12-26,SKU-042,99,90,31,SUPP-016,19,1.7,10.51,100.9,1
INV-000039,2025-11-12,SKU-007,43,145,50,SUPP-015,10,0.0,4.63,108.8,1
INV-000040,2025-10-08,SKU-067,229,120,42,SUPP-037,4,1.8,6.87,95.1,0
INV-000041,2025-11-20,SKU-098,65,49,17,SUPP-035,18,2.9,8.82,58.9,1
INV-000042,2025-10-14,SKU-039,70,150,52,SUPP-035,18,2.7,10.17,81.9,1
INV-000043,2025-10-19,SKU-065,90,73,25,SUPP-012,8,0.0,8.59,40.0,0
INV-000044,2025-11-15,SKU-080,5,131,45,SUPP-019,6,1.3,4.56,28.1,1
INV-000045,2025-11-07,SKU-088,46,39,13,SUPP-045,6,1.3,6.55,46.2,0
INV-000046,2025-10-02,SKU-067,2,132,46,SUPP-037,4,0.0,13.87,128.1,1
INV-000047,2025-11-10,SKU-018,266,143,50,SUPP-025,3,2.9,8.87,45.2,0
INV-000048,2025-10-19,SKU-073,30,36,12,SUPP-017,20,0.0,5.36,79.0,1
INV-000049,2025-11-25,SKU-090,282,132,46,SUPP-015,10,1.0,6.63,92.5,0
INV-000050,2025-12-08,SKU-060,54,57,19,SUPP-008,4,1.6,5.14,123.2,1
INV-000051,2025-11-14,SKU-008,115,61,21,SUPP-006,9,1.2,8.82,49.6,0
INV-000052,2025-12-02,SKU-054,115,80,28,SUPP-027,18,0.0,8.81,93.7,1
INV-000053,2025-12-14,SKU-014,154,126,44,SUPP-010,16,1.7,10.22,127.2,1
INV-000054,2025-11-03,SKU-060,75,38,13,SUPP-008,4,2.7,11.3,68.2,0
INV-000055,2025-10-20,SKU-011,52,89,31,SUPP-015,10,1.4,3.89,25.0,0
INV-000056,2025-10-21,SKU-047,60,75,26,SUPP-046,19,1.6,10.02,40.2,1
INV-000057,2025-12-16,SKU-090,199,95,33,SUPP-015,10,2.4,3.8,112.2,0
INV-000058,2025-11-24,SKU-027,18,40,14,SUPP-040,10,0.3,10.64,30.2,1
INV-000059,2025-11-28,SKU-053,298,150,52,SUPP-035,18,4.9,13.97,38.7,0
INV-000060,2025-11-01,SKU-085,14,69,24,SUPP-042,15,1.2,11.44,38.6,1
INV-000061,2025-10-02,SKU-064,326,149,52,SUPP-047,10,1.4,5.69,97.3,0
INV-000062,2025-10-19,SKU-059,37,32,11,SUPP-037,4,0.0,10.88,95.2,1
INV-000063,2025-12-19,SKU-079,77,43,15,SUPP-010,16,0.3,5.23,120.0,1
INV-000064,2025-10-18,SKU-066,298,144,50,SUPP-050,6,0.0,8.46,113.5,0
INV-000065,2025-11-06,SKU-087,50,78,27,SUPP-031,13,2.9,9.9,27.7,0
INV-000066,2025-12-06,SKU-079,48,36,12,SUPP-010,16,2.5,8.24,95.9,1
INV-000067,2025-10-13,SKU-020,160,86,30,SUPP-020,6,0.9,4.7,45.5,0
INV-000068,2025-10-16,SKU-086,11,94,32,SUPP-048,21,1.3,8.65,60.1,1
INV-000069,2025-12-19,SKU-023,67,68,23,SUPP-030,7,2.2,13.36,42.8,0
INV-000070,2025-11-07,SKU-056,58,41,14,SUPP-001,18,0.9,7.94,18.3,0
INV-000071,2025-10-08,SKU-004,39,129,45,SUPP-013,4,4.7,4.65,110.1,1
INV-000072,2025-10-12,SKU-062,14,109,38,SUPP-003,16,2.3,4.1,44.4,1
INV-000073,2025-11-18,SKU-017,37,122,42,SUPP-013,4,1.5,13.12,56.6,0
INV-000074,2025-10-07,SKU-089,8,39,13,SUPP-046,19,0.8,11.76,49.1,1
INV-000075,2025-10-11,SKU-038,24,88,30,SUPP-029,21,0.0,8.33,98.8,1
INV-000076,2025-12-17,SKU-097,82,46,16,SUPP-006,9,0.0,9.89,38.5,0
INV-000077,2025-10-14,SKU-092,71,138,48,SUPP-040,10,0.3,13.26,102.7,1
INV-000078,2025-11-16,SKU-007,174,80,28,SUPP-015,10,0.1,13.07,53.7,0
INV-000079,2025-11-17,SKU-084,53,42,14,SUPP-005,14,2.2,6.82,35.5,1
INV-000080,2025-12-10,SKU-100,35,147,51,SUPP-017,20,1.8,13.86,95.5,1
INV-000081,2025-11-12,SKU-008,148,68,23,SUPP-006,9,0.2,9.32,54.0,0
INV-000082,2025-11-30,SKU-095,45,66,23,SUPP-049,21,5.0,12.71,80.1,1
INV-000083,2025-11-19,SKU-072,21,32,11,SUPP-049,21,0.6,12.68,119.3,1
INV-000084,2025-10-06,SKU-023,51,32,11,SUPP-030,7,0.0,11.77,129.8,1
INV-000085,2025-12-30,SKU-063,34,109,38,SUPP-011,12,1.8,6.34,108.7,1
INV-000086,2025-11-30,SKU-100,15,57,19,SUPP-017,20,0.0,7.16,72.0,1
INV-000087,2025-12-06,SKU-039,90,56,19,SUPP-035,18,0.4,11.93,40.4,1
INV-000088,2025-11-19,SKU-013,126,93,32,SUPP-044,11,1.6,5.33,102.5,1
INV-000089,2025-10-06,SKU-081,228,104,36,SUPP-030,7,0.7,11.82,17.5,0
INV-000090,2025-11-16,SKU-085,28,35,12,SUPP-042,15,1.1,10.67,42.9,1
INV-000091,2025-12-11,SKU-028,8,33,11,SUPP-009,15,4.1,11.01,87.7,1
INV-000092,2025-11-27,SKU-006,263,122,42,SUPP-006,9,2.5,12.22,25.5,0
INV-000093,2025-10-27,SKU-063,142,69,24,SUPP-011,12,2.9,6.55,89.1,1
INV-000094,2025-10-18,SKU-013,19,59,20,SUPP-044,11,0.0,5.61,91.4,1
INV-000095,2025-12-23,SKU-008,4,56,19,SUPP-006,9,3.1,7.13,119.6,1
INV-000096,2025-11-06,SKU-067,106,77,26,SUPP-037,4,4.0,9.18,105.4,1
INV-000097,2025-12-05,SKU-082,245,116,40,SUPP-019,6,0.3,13.39,26.2,0
INV-000098,2025-10-14,SKU-073,39,130,45,SUPP-017,20,1.8,6.81,35.9,1
INV-000099,2025-11-12,SKU-031,239,117,40,SUPP-031,13,0.7,3.92,49.9,0
INV-000100,2025-12-20,SKU-034,168,150,52,SUPP-023,10,2.9,8.09,82.8,0
INV-000101,2025-11-08,SKU-085,142,96,33,SUPP-042,15,0.8,6.79,108.1,1
INV-000102,2025-12-10,SKU-009,266,146,51,SUPP-030,7,0.2,7.82,101.4,0
INV-000103,2025-12-25,SKU-073,6,125,43,SUPP-017,20,0.0,6.31,128.3,1
INV-000104,2025-11-29,SKU-079,146,75,26,SUPP-010,16,0.0,12.84,43.2,0
INV-000105,2025-10-23,SKU-016,77,40,14,SUPP-015,10,3.0,10.26,103.4,1
INV-000106,2025-10-25,SKU-080,130,149,52,SUPP-019,6,2.5,7.87,129.1,1
INV-000107,2025-10-13,SKU-017,42,48,16,SUPP-013,4,0.0,8.0,43.8,0
INV-000108,2025-12-15,SKU-001,257,117,40,SUPP-027,18,0.0,12.97,61.6,0
INV-000109,2025-12-13,SKU-076,137,149,52,SUPP-009,15,0.0,9.42,90.6,1
INV-000110,2025-12-02,SKU-003,36,109,38,SUPP-018,10,1.1,6.21,105.2,1
INV-000111,2025-11-26,SKU-041,90,71,24,SUPP-041,19,0.0,9.94,76.4,1
INV-000112,2025-12-21,SKU-030,152,76,26,SUPP-017,20,1.4,7.61,79.1,1
INV-000113,2025-10-26,SKU-005,130,68,23,SUPP-019,6,3.1,7.63,113.8,1
INV-000114,2025-10-07,SKU-035,44,137,47,SUPP-016,19,1.2,11.33,50.0,1
INV-000115,2025-10-14,SKU-031,29,94,32,SUPP-031,13,1.4,10.95,115.5,1
INV-000116,2025-11-06,SKU-049,42,117,40,SUPP-002,10,0.0,4.79,98.8,1
INV-000117,2025-11-09,SKU-034,53,53,18,SUPP-023,10,3.5,4.39,97.5,1
INV-000118,2025-10-20,SKU-100,90,43,15,SUPP-017,20,1.1,9.7,84.7,1
INV-000119,2025-11-16,SKU-033,270,149,52,SUPP-042,15,0.0,5.9,99.1,0
INV-000120,2025-10-11,SKU-099,27,40,14,SUPP-036,12,1.1,11.92,110.3,1
INV-000121,2025-11-04,SKU-088,169,99,34,SUPP-045,6,5.2,11.03,46.2,0
INV-000122,2025-10-10,SKU-034,72,62,21,SUPP-023,10,2.8,3.92,79.0,1
INV-000123,2025-12-09,SKU-041,166,132,46,SUPP-041,19,1.5,6.09,95.7,1
INV-000124,2025-11-30,SKU-006,220,106,37,SUPP-006,9,0.7,7.69,64.1,0
INV-000125,2025-11-27,SKU-057,162,109,38,SUPP-015,10,0.4,9.89,30.3,0
INV-000126,2025-11-09,SKU-008,147,72,25,SUPP-006,9,0.7,6.04,121.7,1
INV-000127,2025-12-21,SKU-066,59,41,14,SUPP-050,6,3.7,8.55,53.6,1
INV-000128,2025-10-29,SKU-076,83,53,18,SUPP-009,15,4.2,8.94,34.1,1
INV-000129,2025-11-28,SKU-029,74,135,47,SUPP-041,19,2.1,5.35,45.0,1
INV-000130,2025-12-29,SKU-078,185,120,42,SUPP-003,16,1.8,6.09,17.4,0
INV-000131,2025-11-11,SKU-052,127,101,35,SUPP-046,19,0.4,4.59,68.1,1
INV-000132,2025-11-08,SKU-092,19,133,46,SUPP-040,10,1.9,11.22,41.7,1
INV-000133,2025-11-17,SKU-050,31,50,17,SUPP-038,18,2.9,3.68,47.2,1
INV-000134,2025-11-29,SKU-010,41,112,39,SUPP-004,8,0.0,7.07,71.8,1
INV-000135,2025-11-25,SKU-004,194,91,31,SUPP-013,4,2.3,13.53,111.5,0
INV-000136,2025-11-04,SKU-035,53,78,27,SUPP-016,19,1.3,8.52,56.0,1
INV-000137,2025-11-19,SKU-062,135,115,40,SUPP-003,16,3.4,8.23,80.6,1
INV-000138,2025-11-22,SKU-065,34,85,29,SUPP-012,8,0.7,10.02,126.7,1
INV-000139,2025-10-12,SKU-044,224,103,36,SUPP-019,6,0.0,5.3,24.2,0
INV-000140,2025-10-05,SKU-009,165,144,50,SUPP-030,7,0.7,8.18,46.4,0
INV-000141,2025-10-21,SKU-055,14,41,14,SUPP-009,15,0.8,8.92,115.8,1
INV-000142,2025-11-29,SKU-026,6,101,35,SUPP-034,6,2.1,4.04,82.9,1
INV-000143,2025-12-29,SKU-012,45,42,14,SUPP-018,10,0.0,9.9,46.3,1
INV-000144,2025-11-17,SKU-086,71,106,37,SUPP-048,21,1.8,3.57,20.5,0
INV-000145,2025-12-21,SKU-045,38,31,10,SUPP-034,6,2.0,9.36,55.2,1
INV-000146,2025-11-21,SKU-034,235,125,43,SUPP-023,10,0.0,8.87,32.7,0
INV-000147,2025-10-31,SKU-069,250,145,50,SUPP-014,13,0.0,9.58,99.6,0
INV-000148,2025-11-10,SKU-026,5,53,18,SUPP-034,6,2.4,7.58,23.9,1
INV-000149,2025-11-11,SKU-061,55,75,26,SUPP-036,12,0.0,11.45,47.7,1
INV-000150,2025-10-29,SKU-028,136,144,50,SUPP-009,15,1.4,5.22,84.8,1
INV-000151,2025-12-07,SKU-099,100,140,49,SUPP-036,12,2.2,8.34,22.6,0
INV-000152,2025-11-15,SKU-035,112,150,52,SUPP-016,19,2.6,10.2,101.9,1
INV-000153,2025-12-26,SKU-046,51,30,10,SUPP-039,20,3.1,5.08,108.0,1
INV-000154,2025-11-25,SKU-058,62,89,31,SUPP-040,10,1.0,4.22,111.2,1
INV-000155,2025-11-10,SKU-045,76,67,23,SUPP-034,6,0.5,10.92,21.8,0
INV-000156,2025-12-22,SKU-069,79,87,30,SUPP-014,13,1.1,9.41,53.8,1
INV-000157,2025-10-21,SKU-013,97,142,49,SUPP-044,11,3.0,7.18,78.6,1
INV-000158,2025-10-31,SKU-003,99,68,23,SUPP-018,10,1.7,6.84,111.6,1
INV-000159,2025-12-24,SKU-056,169,86,30,SUPP-001,18,0.0,9.73,121.3,1
INV-000160,2025-11-21,SKU-095,45,75,26,SUPP-049,21,0.0,5.74,23.8,1
INV-000161,2025-10-26,SKU-079,49,70,24,SUPP-010,16,0.0,13.6,98.5,1
INV-000162,2025-10-28,SKU-013,5,61,21,SUPP-044,11,4.4,11.6,61.2,1
INV-000163,2025-10-20,SKU-083,50,48,16,SUPP-039,20,0.4,6.67,77.3,1
INV-000164,2025-12-02,SKU-094,272,128,44,SUPP-045,6,0.3,12.58,83.0,0
INV-000165,2025-12-10,SKU-030,55,55,19,SUPP-017,20,2.7,5.79,103.6,1
INV-000166,2025-12-29,SKU-073,180,128,44,SUPP-017,20,2.4,6.84,109.6,1
INV-000167,2025-11-15,SKU-088,54,33,11,SUPP-045,6,1.9,12.64,74.4,1
INV-000168,2025-11-05,SKU-061,7,30,10,SUPP-036,12,4.2,7.79,20.4,1
INV-000169,2025-10-27,SKU-063,34,99,34,SUPP-011,12,2.5,5.64,44.7,1
INV-000170,2025-11-08,SKU-090,70,45,15,SUPP-015,10,2.4,13.66,42.2,0
INV-000171,2025-10-10,SKU-003,62,43,15,SUPP-018,10,0.0,9.92,105.7,1
INV-000172,2025-12-15,SKU-086,2,89,31,SUPP-048,21,2.1,13.72,81.4,1
INV-000173,2025-10-15,SKU-090,234,109,38,SUPP-015,10,0.3,7.55,128.6,0
INV-000174,2025-12-09,SKU-021,63,60,21,SUPP-036,12,1.4,7.04,108.4,1
INV-000175,2025-12-11,SKU-066,49,122,42,SUPP-050,6,0.0,10.94,59.1,0
INV-000176,2025-11-27,SKU-052,3,82,28,SUPP-046,19,2.0,11.51,108.9,1
INV-000177,2025-12-13,SKU-074,30,62,21,SUPP-033,20,1.9,8.63,39.4,1
INV-000178,2025-10-10,SKU-074,16,69,24,SUPP-033,20,1.3,4.29,89.9,1
INV-000179,2025-12-03,SKU-057,90,45,15,SUPP-015,10,5.0,13.39,88.2,1
INV-000180,2025-11-14,SKU-003,121,78,27,SUPP-018,10,0.0,12.91,35.2,0
INV-000181,2025-11-05,SKU-091,169,120,42,SUPP-042,15,1.0,11.52,115.6,1
INV-000182,2025-11-21,SKU-078,259,130,45,SUPP-003,16,1.0,8.76,119.9,1
INV-000183,2025-10-26,SKU-061,87,110,38,SUPP-036,12,0.9,5.2,38.0,0
INV-000184,2025-12-10,SKU-083,65,42,14,SUPP-039,20,0.0,4.38,45.5,1
INV-000185,2025-12-27,SKU-007,164,147,51,SUPP-015,10,0.3,10.58,21.9,0
INV-000186,2025-10-16,SKU-092,172,146,51,SUPP-040,10,1.4,10.75,36.1,0
INV-000187,2025-10-23,SKU-031,46,49,17,SUPP-031,13,5.2,5.06,41.8,1
INV-000188,2025-10-20,SKU-063,33,30,10,SUPP-011,12,2.0,13.74,63.7,1
INV-000189,2025-10-29,SKU-065,54,71,24,SUPP-012,8,0.0,13.48,115.7,1
INV-000190,2025-11-15,SKU-063,229,107,37,SUPP-011,12,0.0,8.64,126.5,0
INV-000191,2025-10-07,SKU-086,176,83,29,SUPP-048,21,0.0,11.69,95.4,1
INV-000192,2025-11-20,SKU-048,18,40,14,SUPP-030,7,0.9,9.14,119.8,1
INV-000193,2025-11-19,SKU-072,13,118,41,SUPP-049,21,0.0,7.22,35.5,1
INV-000194,2025-11-25,SKU-003,8,35,12,SUPP-018,10,1.8,12.04,91.4,1
INV-000195,2025-10-22,SKU-076,29,99,34,SUPP-009,15,0.4,4.59,51.3,1
INV-000196,2025-12-01,SKU-029,28,85,29,SUPP-041,19,2.3,3.88,115.2,1
INV-000197,2025-12-05,SKU-039,129,97,33,SUPP-035,18,0.8,8.74,66.8,1
INV-000198,2025-12-28,SKU-097,51,40,14,SUPP-006,9,0.0,10.82,85.9,1
INV-000199,2025-12-29,SKU-096,51,73,25,SUPP-047,10,0.7,10.12,33.5,0
INV-000200,2025-10-02,SKU-022,140,93,32,SUPP-013,4,0.8,5.23,107.1,0
INV-000201,2025-11-09,SKU-068,138,110,38,SUPP-010,16,1.4,9.36,23.8,0
INV-000202,2025-11-21,SKU-074,208,138,48,SUPP-033,20,4.1,5.34,50.7,0
INV-000203,2025-11-09,SKU-055,65,134,46,SUPP-009,15,0.0,7.1,68.8,1
INV-000204,2025-10-22,SKU-027,185,111,38,SUPP-040,10,0.0,11.55,63.8,0
INV-000205,2025-12-27,SKU-089,58,136,47,SUPP-046,19,1.6,9.78,115.2,1
INV-000206,2025-12-20,SKU-039,7,67,23,SUPP-035,18,1.1,8.59,75.1,1
INV-000207,2025-12-24,SKU-007,74,108,37,SUPP-015,10,0.0,7.52,108.7,1
INV-000208,2025-11-17,SKU-012,21,78,27,SUPP-018,10,2.5,5.11,73.8,1
INV-000209,2025-10-02,SKU-058,5,41,14,SUPP-040,10,1.0,10.7,129.9,1
INV-000210,2025-12-29,SKU-027,93,87,30,SUPP-040,10,1.9,6.3,62.7,0
INV-000211,2025-11-09,SKU-090,223,104,36,SUPP-015,10,0.0,13.12,95.6,0
INV-000212,2025-12-29,SKU-007,150,119,41,SUPP-015,10,0.0,8.64,40.2,0
INV-000213,2025-12-19,SKU-066,3,87,30,SUPP-050,6,2.7,11.64,65.8,1
INV-000214,2025-10-23,SKU-031,213,127,44,SUPP-031,13,0.1,3.94,58.2,0
INV-000215,2025-12-28,SKU-073,11,64,22,SUPP-017,20,4.3,7.64,74.3,1
INV-000216,2025-11-23,SKU-052,140,85,29,SUPP-046,19,3.0,13.33,89.1,1
INV-000217,2025-12-02,SKU-072,56,38,13,SUPP-049,21,2.3,7.54,111.6,1
INV-000218,2025-10-03,SKU-076,83,38,13,SUPP-009,15,1.3,8.36,89.5,1
INV-000219,2025-10-09,SKU-038,162,93,32,SUPP-029,21,2.0,4.79,44.0,0
INV-000220,2025-11-04,SKU-043,277,128,44,SUPP-015,10,1.5,5.78,129.7,0
INV-000221,2025-10-08,SKU-096,293,143,50,SUPP-047,10,2.0,7.6,64.8,0
INV-000222,2025-12-02,SKU-029,36,42,14,SUPP-041,19,0.9,7.64,98.2,1
INV-000223,2025-10-05,SKU-080,155,123,43,SUPP-019,6,2.0,13.48,121.1,0
INV-000224,2025-10-11,SKU-087,112,86,30,SUPP-031,13,3.7,4.58,16.2,0
INV-000225,2025-11-26,SKU-005,220,108,37,SUPP-019,6,0.4,10.21,90.0,0
INV-000226,2025-12-24,SKU-083,157,96,33,SUPP-039,20,1.5,4.34,66.6,1
INV-000227,2025-10-27,SKU-074,212,127,44,SUPP-033,20,2.9,5.0,38.9,0
INV-000228,2025-10-02,SKU-035,139,99,34,SUPP-016,19,2.3,11.35,115.9,1
INV-000229,2025-10-31,SKU-035,57,40,14,SUPP-016,19,0.0,12.25,63.7,1
INV-000230,2025-10-06,SKU-051,100,51,17,SUPP-008,4,1.6,13.93,44.4,0
INV-000231,2025-12-25,SKU-099,3,60,21,SUPP-036,12,1.4,12.22,123.7,1
INV-000232,2025-11-08,SKU-046,102,109,38,SUPP-039,20,0.0,3.8,89.3,1
INV-000233,2025-12-23,SKU-032,61,40,14,SUPP-014,13,0.5,4.79,85.4,1
INV-000234,2025-12-23,SKU-042,44,69,24,SUPP-016,19,1.1,5.16,108.2,1
INV-000235,2025-12-02,SKU-086,14,42,14,SUPP-048,21,2.0,3.64,112.1,1
INV-000236,2025-10-23,SKU-002,133,110,38,SUPP-049,21,2.8,12.81,119.6,1
INV-000237,2025-11-24,SKU-001,141,105,36,SUPP-027,18,1.2,6.83,109.2,1
INV-000238,2025-12-08,SKU-080,262,122,42,SUPP-019,6,2.0,5.89,75.1,0
INV-000239,2025-11-19,SKU-029,198,100,35,SUPP-041,19,0.0,8.08,35.2,0
INV-000240,2025-12-19,SKU-100,143,84,29,SUPP-017,20,4.0,13.42,98.8,1
INV-000241,2025-11-13,SKU-048,189,101,35,SUPP-030,7,0.0,5.27,45.1,0
INV-000242,2025-11-16,SKU-060,160,136,47,SUPP-008,4,3.8,4.57,109.3,0
INV-000243,2025-11-22,SKU-058,129,62,21,SUPP-040,10,1.2,9.21,110.1,1
INV-000244,2025-12-03,SKU-026,53,104,36,SUPP-034,6,2.3,4.03,56.2,0
INV-000245,2025-10-18,SKU-072,115,83,29,SUPP-049,21,1.4,10.45,32.0,0
INV-000246,2025-12-14,SKU-055,84,42,14,SUPP-009,15,4.0,3.66,39.6,1
INV-000247,2025-11-13,SKU-082,81,103,36,SUPP-019,6,2.0,13.41,87.3,1
INV-000248,2025-10-15,SKU-024,89,94,32,SUPP-023,10,1.1,5.8,92.0,1
INV-000249,2025-10-25,SKU-012,233,106,37,SUPP-018,10,0.0,6.09,34.2,0
INV-000250,2025-11-14,SKU-057,71,40,14,SUPP-015,10,0.8,4.66,19.8,0
INV-000251,2025-11-12,SKU-039,4,117,40,SUPP-035,18,2.0,8.52,63.6,1
INV-000252,2025-11-12,SKU-082,59,89,31,SUPP-019,6,0.0,6.26,129.2,1
INV-000253,2025-10-17,SKU-050,81,37,12,SUPP-038,18,0.4,13.01,108.8,1
INV-000254,2025-10-13,SKU-034,173,102,35,SUPP-023,10,2.4,7.41,41.2,0
INV-000255,2025-10-13,SKU-083,174,145,50,SUPP-039,20,0.0,13.33,107.2,1
INV-000256,2025-11-30,SKU-099,75,35,12,SUPP-036,12,0.0,7.61,31.6,0
INV-000257,2025-11-16,SKU-055,199,100,35,SUPP-009,15,0.7,4.29,26.2,0
INV-000258,2025-11-01,SKU-099,198,110,38,SUPP-036,12,2.1,7.92,22.8,0
INV-000259,2025-10-20,SKU-057,160,134,46,SUPP-015,10,2.7,3.56,116.1,1
INV-000260,2025-10-03,SKU-078,225,109,38,SUPP-003,16,3.3,11.38,125.5,1
INV-000261,2025-11-16,SKU-071,6,119,41,SUPP-004,8,2.2,6.45,48.4,1
INV-000262,2025-11-06,SKU-022,102,128,44,SUPP-013,4,0.0,4.98,65.1,0
INV-000263,2025-10-12,SKU-081,40,38,13,SUPP-030,7,1.3,6.73,21.4,0
INV-000264,2025-12-18,SKU-030,89,51,17,SUPP-017,20,0.0,8.43,122.0,1
INV-000265,2025-11-16,SKU-019,42,102,35,SUPP-046,19,0.7,13.9,81.4,1
INV-000266,2025-11-25,SKU-062,35,51,17,SUPP-003,16,1.4,7.4,53.1,1
INV-000267,2025-12-19,SKU-019,293,140,49,SUPP-046,19,0.9,13.25,21.9,0
INV-000268,2025-10-21,SKU-035,168,135,47,SUPP-016,19,1.7,7.59,106.2,1
INV-000269,2025-12-24,SKU-008,121,115,40,SUPP-006,9,2.0,8.07,22.5,0
INV-000270,2025-11-07,SKU-085,175,121,42,SUPP-042,15,0.0,3.63,83.9,0
INV-000271,2025-12-09,SKU-060,91,42,14,SUPP-008,4,0.0,4.76,106.8,0
INV-000272,2025-11-10,SKU-058,51,113,39,SUPP-040,10,0.0,10.31,92.7,1
INV-000273,2025-12-24,SKU-082,108,146,51,SUPP-019,6,1.4,6.16,129.3,1
INV-000274,2025-10-17,SKU-030,15,149,52,SUPP-017,20,0.8,6.24,34.4,1
INV-000275,2025-12-09,SKU-016,24,74,25,SUPP-015,10,0.7,9.57,26.1,1
INV-000276,2025-11-25,SKU-047,9,32,11,SUPP-046,19,1.9,8.37,75.8,1
INV-000277,2025-11-20,SKU-053,74,76,26,SUPP-035,18,1.2,3.95,65.5,1
INV-000278,2025-12-26,SKU-071,101,102,35,SUPP-004,8,0.0,13.25,26.3,0
INV-000279,2025-10-10,SKU-066,59,105,36,SUPP-050,6,5.6,10.56,74.2,1
INV-000280,2025-10-04,SKU-043,36,103,36,SUPP-015,10,0.8,5.06,87.8,1
INV-000281,2025-11-13,SKU-055,53,147,51,SUPP-009,15,0.4,10.11,76.7,1
INV-000282,2025-10-12,SKU-023,80,91,31,SUPP-030,7,0.0,13.88,67.3,0
INV-000283,2025-11-06,SKU-096,32,33,11,SUPP-047,10,0.5,8.8,72.4,1
INV-000284,2025-12-09,SKU-096,64,63,22,SUPP-047,10,1.3,6.29,107.0,1
INV-000285,2025-12-23,SKU-034,0,64,22,SUPP-023,10,4.0,13.69,128.5,1
INV-000286,2025-12-12,SKU-075,86,95,33,SUPP-017,20,2.8,12.37,22.2,0
INV-000287,2025-12-03,SKU-095,125,107,37,SUPP-049,21,1.8,9.1,36.3,0
INV-000288,2025-11-04,SKU-070,181,95,33,SUPP-004,8,1.4,3.85,64.3,0
INV-000289,2025-11-13,SKU-012,119,104,36,SUPP-018,10,0.7,11.29,45.0,0
INV-000290,2025-10-30,SKU-025,275,138,48,SUPP-032,12,0.5,5.83,44.7,0
INV-000291,2025-12-10,SKU-068,159,150,52,SUPP-010,16,2.2,5.83,36.0,0
INV-000292,2025-10-06,SKU-011,49,117,40,SUPP-015,10,0.8,11.9,15.2,0
INV-000293,2025-10-19,SKU-044,91,74,25,SUPP-019,6,2.2,9.71,118.7,1
INV-000294,2025-12-30,SKU-060,283,129,45,SUPP-008,4,0.0,7.5,48.5,0
INV-000295,2025-10-16,SKU-093,68,35,12,SUPP-038,18,1.7,11.88,41.1,1
INV-000296,2025-12-20,SKU-062,40,42,14,SUPP-003,16,1.2,13.57,65.8,1
INV-000297,2025-10-30,SKU-097,71,102,35,SUPP-006,9,1.8,8.4,101.1,1
INV-000298,2025-11-06,SKU-002,4,77,26,SUPP-049,21,0.0,7.03,63.2,1
INV-000299,2025-12-26,SKU-078,2,123,43,SUPP-003,16,0.7,10.07,104.8,1
INV-000300,2025-10-18,SKU-094,56,63,22,SUPP-045,6,0.7,10.37,119.1,1
INV-000301,2025-11-19,SKU-002,154,90,31,SUPP-049,21,1.2,6.2,88.1,1
INV-000302,2025-12-30,SKU-099,147,84,29,SUPP-036,12,0.0,12.36,23.4,0
INV-000303,2025-10-16,SKU-006,52,100,35,SUPP-006,9,0.2,7.71,89.9,1
INV-000304,2025-12-10,SKU-066,4,66,23,SUPP-050,6,2.8,11.39,91.9,1
INV-000305,2025-12-24,SKU-019,22,38,13,SUPP-046,19,0.5,10.69,50.6,1
INV-000306,2025-10-03,SKU-014,12,37,12,SUPP-010,16,2.8,12.75,78.3,1
INV-000307,2025-12-12,SKU-022,111,54,18,SUPP-013,4,0.2,6.57,73.1,0
INV-000308,2025-10-20,SKU-022,33,48,16,SUPP-013,4,0.8,11.38,71.0,1
INV-000309,2025-12-22,SKU-063,91,104,36,SUPP-011,12,2.6,4.84,119.8,1
INV-000310,2025-12-26,SKU-019,47,124,43,SUPP-046,19,0.1,6.38,116.1,1
INV-000311,2025-11-22,SKU-055,222,122,42,SUPP-009,15,0.9,11.77,17.8,0
INV-000312,2025-11-11,SKU-070,161,85,29,SUPP-004,8,1.1,13.04,125.6,0
INV-000313,2025-12-27,SKU-030,73,37,12,SUPP-017,20,3.0,11.87,85.5,1
INV-000314,2025-12-15,SKU-062,121,60,21,SUPP-003,16,2.3,13.76,73.3,1
INV-000315,2025-12-21,SKU-090,60,75,26,SUPP-015,10,1.2,9.52,66.8,1
INV-000316,2025-10-17,SKU-054,280,130,45,SUPP-027,18,0.2,8.83,108.0,0
INV-000317,2025-10-12,SKU-020,63,102,35,SUPP-020,6,0.0,3.87,92.1,0
INV-000318,2025-12-26,SKU-078,198,110,38,SUPP-003,16,1.4,4.44,17.7,0
INV-000319,2025-12-08,SKU-018,44,76,26,SUPP-025,3,2.4,11.54,105.7,1
INV-000320,2025-10-05,SKU-068,44,107,37,SUPP-010,16,0.0,9.44,99.5,1
INV-000321,2025-11-21,SKU-032,107,146,51,SUPP-014,13,1.4,9.07,15.5,0
INV-000322,2025-10-23,SKU-096,15,61,21,SUPP-047,10,0.0,4.97,87.8,1
INV-000323,2025-11-04,SKU-010,29,57,19,SUPP-004,8,0.0,4.78,89.8,1
INV-000324,2025-12-03,SKU-074,108,70,24,SUPP-033,20,2.1,5.1,45.8,1
INV-000325,2025-10-10,SKU-084,60,33,11,SUPP-005,14,1.6,11.12,58.3,1
INV-000326,2025-12-06,SKU-035,62,35,12,SUPP-016,19,3.1,8.25,75.1,1
INV-000327,2025-10-31,SKU-074,157,99,34,SUPP-033,20,0.4,7.66,66.3,1
INV-000328,2025-10-21,SKU-096,36,42,14,SUPP-047,10,2.6,8.41,57.2,1
INV-000329,2025-10-23,SKU-057,261,132,46,SUPP-015,10,1.5,12.56,50.0,0
INV-000330,2025-12-12,SKU-030,227,123,43,SUPP-017,20,2.1,8.32,17.7,0
INV-000331,2025-12-22,SKU-001,4,146,51,SUPP-027,18,3.8,9.83,45.9,1
INV-000332,2025-11-01,SKU-033,109,90,31,SUPP-042,15,0.7,4.28,27.4,0
INV-000333,2025-10-12,SKU-052,81,53,18,SUPP-046,19,5.3,11.38,64.2,1
INV-000334,2025-11-05,SKU-069,31,89,31,SUPP-014,13,0.6,10.77,103.4,1
INV-000335,2025-11-19,SKU-067,101,62,21,SUPP-037,4,0.4,8.21,111.1,0
INV-000336,2025-11-08,SKU-005,68,34,11,SUPP-019,6,0.2,4.68,47.2,0
INV-000337,2025-12-03,SKU-078,31,38,13,SUPP-003,16,0.8,7.85,64.4,1
INV-000338,2025-12-30,SKU-053,135,139,48,SUPP-035,18,0.0,3.73,45.6,0
INV-000339,2025-10-11,SKU-031,50,42,14,SUPP-031,13,0.2,12.25,93.3,1
INV-000340,2025-10-24,SKU-050,147,103,36,SUPP-038,18,1.1,11.17,51.0,0
INV-000341,2025-11-21,SKU-100,22,57,19,SUPP-017,20,2.2,9.53,52.7,1
INV-000342,2025-11-15,SKU-013,40,106,37,SUPP-044,11,1.1,11.84,37.2,1
INV-000343,2025-12-02,SKU-041,120,107,37,SUPP-041,19,0.0,7.1,84.5,1
INV-000344,2025-10-21,SKU-083,138,103,36,SUPP-039,20,0.5,6.3,125.5,1
INV-000345,2025-11-01,SKU-082,196,126,44,SUPP-019,6,2.7,10.72,42.4,0
INV-000346,2025-11-28,SKU-084,18,53,18,SUPP-005,14,0.0,13.18,118.5,1
INV-000347,2025-10-22,SKU-001,148,96,33,SUPP-027,18,0.0,7.31,65.5,1
INV-000348,2025-12-19,SKU-023,151,127,44,SUPP-030,7,3.2,13.33,123.5,1
INV-000349,2025-10-04,SKU-070,62,92,32,SUPP-004,8,4.2,13.5,99.9,1
INV-000350,2025-10-15,SKU-059,236,124,43,SUPP-037,4,0.0,5.79,105.6,0
INV-000351,2025-11-04,SKU-081,135,125,43,SUPP-030,7,2.1,5.82,101.8,0
INV-000352,2025-11-07,SKU-013,56,39,13,SUPP-044,11,1.3,7.43,32.4,0
INV-000353,2025-12-24,SKU-073,160,113,39,SUPP-017,20,1.5,12.21,83.3,1
INV-000354,2025-10-26,SKU-082,52,47,16,SUPP-019,6,2.0,8.02,71.0,1
INV-000355,2025-10-13,SKU-090,33,57,19,SUPP-015,10,1.3,12.31,98.2,1
INV-000356,2025-12-01,SKU-037,293,143,50,SUPP-014,13,0.3,9.35,118.2,0
INV-000357,2025-12-04,SKU-045,63,54,18,SUPP-034,6,0.0,5.51,58.4,0
INV-000358,2025-12-14,SKU-058,226,142,49,SUPP-040,10,0.1,13.35,123.0,0
INV-000359,2025-10-09,SKU-097,18,91,31,SUPP-006,9,0.8,5.28,80.4,1
INV-000360,2025-10-10,SKU-073,51,129,45,SUPP-017,20,0.0,11.65,67.5,1
INV-000361,2025-10-18,SKU-041,78,81,28,SUPP-041,19,2.2,8.94,83.9,1
INV-000362,2025-10-30,SKU-088,56,62,21,SUPP-045,6,2.6,6.98,81.4,1
INV-000363,2025-11-25,SKU-051,181,104,36,SUPP-008,4,0.8,10.71,124.0,0
INV-000364,2025-12-11,SKU-062,31,36,12,SUPP-003,16,0.6,3.71,68.5,1
INV-000365,2025-12-05,SKU-053,55,69,24,SUPP-035,18,0.0,13.21,75.3,1
INV-000366,2025-10-08,SKU-076,67,74,25,SUPP-009,15,0.7,13.98,42.9,1
INV-000367,2025-10-18,SKU-045,179,127,44,SUPP-034,6,1.6,6.41,56.2,0
INV-000368,2025-11-30,SKU-079,156,114,39,SUPP-010,16,1.0,3.99,49.4,0
INV-000369,2025-11-25,SKU-019,59,36,12,SUPP-046,19,0.0,3.93,49.1,1
INV-000370,2025-10-14,SKU-052,51,42,14,SUPP-046,19,2.6,5.83,57.0,1
INV-000371,2025-11-30,SKU-054,13,111,38,SUPP-027,18,0.0,5.8,47.9,1
INV-000372,2025-12-10,SKU-092,17,94,32,SUPP-040,10,3.6,11.01,55.5,1
INV-000373,2025-12-18,SKU-041,122,94,32,SUPP-041,19,3.2,4.35,79.3,1
INV-000374,2025-12-26,SKU-031,61,77,26,SUPP-031,13,0.0,12.79,111.9,1
INV-000375,2025-10-06,SKU-082,88,90,31,SUPP-019,6,0.0,9.23,54.9,0
INV-000376,2025-11-24,SKU-020,177,131,45,SUPP-020,6,0.0,10.13,108.7,0
INV-000377,2025-12-08,SKU-067,135,87,30,SUPP-037,4,4.5,8.52,62.2,0
INV-000378,2025-12-27,SKU-063,170,115,40,SUPP-011,12,0.0,10.9,128.5,1
INV-000379,2025-11-24,SKU-077,50,100,35,SUPP-031,13,0.7,3.59,38.9,1
INV-000380,2025-12-04,SKU-095,154,95,33,SUPP-049,21,0.0,8.93,110.0,1
INV-000381,2025-11-21,SKU-039,44,54,18,SUPP-035,18,2.7,6.06,99.9,1
INV-000382,2025-10-14,SKU-014,78,45,15,SUPP-010,16,0.6,12.33,35.8,0
INV-000383,2025-12-27,SKU-040,58,58,20,SUPP-009,15,1.8,3.93,98.2,1
INV-000384,2025-11-19,SKU-091,48,147,51,SUPP-042,15,0.0,13.06,75.6,1
INV-000385,2025-12-14,SKU-098,118,87,30,SUPP-035,18,1.7,11.36,80.8,1
INV-000386,2025-11-17,SKU-098,131,65,22,SUPP-035,18,0.4,10.89,94.3,1
INV-000387,2025-11-19,SKU-081,70,32,11,SUPP-030,7,0.5,7.82,92.2,1
INV-000388,2025-11-05,SKU-056,173,85,29,SUPP-001,18,2.4,10.37,29.4,0
INV-000389,2025-12-13,SKU-011,167,138,48,SUPP-015,10,3.7,5.54,106.3,1
INV-000390,2025-11-01,SKU-048,8,34,11,SUPP-030,7,1.9,11.84,31.4,1
INV-000391,2025-12-30,SKU-047,121,79,27,SUPP-046,19,3.2,3.99,68.3,1
INV-000392,2025-11-09,SKU-048,29,31,10,SUPP-030,7,0.0,10.57,53.7,1
INV-000393,2025-10-20,SKU-003,124,127,44,SUPP-018,10,0.4,9.4,44.1,0
INV-000394,2025-11-05,SKU-005,197,141,49,SUPP-019,6,0.0,6.01,83.6,0
INV-000395,2025-12-28,SKU-090,23,60,21,SUPP-015,10,1.0,4.75,30.1,1
INV-000396,2025-10-26,SKU-086,34,43,15,SUPP-048,21,2.0,10.42,105.5,1
INV-000397,2025-10-30,SKU-075,33,146,51,SUPP-017,20,2.7,9.78,81.0,1
INV-000398,2025-10-24,SKU-036,95,54,18,SUPP-046,19,0.1,4.4,79.7,1
INV-000399,2025-10-14,SKU-040,49,63,22,SUPP-009,15,3.4,8.26,110.4,1
INV-000400,2025-11-28,SKU-071,61,55,19,SUPP-004,8,0.0,8.19,94.0,1
INV-000401,2025-11-02,SKU-010,12,47,16,SUPP-004,8,0.9,6.86,116.1,1
INV-000402,2025-11-21,SKU-027,56,129,45,SUPP-040,10,5.7,9.05,73.5,1
INV-000403,2025-11-17,SKU-051,14,49,17,SUPP-008,4,1.8,6.73,65.8,1
INV-000404,2025-12-12,SKU-044,51,141,49,SUPP-019,6,0.0,12.11,73.1,0
INV-000405,2025-12-03,SKU-079,74,102,35,SUPP-010,16,2.6,12.96,117.4,1
INV-000406,2025-12-03,SKU-016,36,90,31,SUPP-015,10,0.6,7.92,55.1,1
INV-000407,2025-11-09,SKU-072,34,103,36,SUPP-049,21,0.1,13.26,105.4,1
INV-000408,2025-10-13,SKU-097,182,90,31,SUPP-006,9,2.7,13.13,124.3,1
INV-000409,2025-11-14,SKU-048,74,36,12,SUPP-030,7,1.4,7.41,67.7,1
INV-000410,2025-10-30,SKU-007,262,150,52,SUPP-015,10,0.0,10.85,22.8,0
INV-000411,2025-11-13,SKU-038,220,121,42,SUPP-029,21,0.3,12.06,58.1,0
INV-000412,2025-12-11,SKU-006,136,81,28,SUPP-006,9,1.3,11.86,26.0,0
INV-000413,2025-11-03,SKU-092,21,118,41,SUPP-040,10,2.8,11.59,119.8,1
INV-000414,2025-11-16,SKU-030,70,122,42,SUPP-017,20,1.8,13.27,88.8,1
INV-000415,2025-12-26,SKU-070,96,74,25,SUPP-004,8,1.1,5.04,51.5,0
INV-000416,2025-11-13,SKU-029,137,137,47,SUPP-041,19,2.0,9.55,20.3,0
INV-000417,2025-12-21,SKU-052,13,99,34,SUPP-046,19,4.4,5.55,115.2,1
INV-000418,2025-11-19,SKU-092,21,62,21,SUPP-040,10,0.4,5.01,125.4,1
INV-000419,2025-12-15,SKU-063,225,135,47,SUPP-011,12,2.3,10.62,83.6,0
INV-000420,2025-11-23,SKU-030,135,94,32,SUPP-017,20,3.5,8.9,52.8,1
INV-000421,2025-10-03,SKU-079,145,81,28,SUPP-010,16,3.9,8.01,101.4,1
INV-000422,2025-12-22,SKU-009,237,112,39,SUPP-030,7,1.5,9.96,37.9,0
INV-000423,2025-10-07,SKU-049,147,105,36,SUPP-002,10,1.6,9.96,76.1,0
INV-000424,2025-11-05,SKU-098,5,111,38,SUPP-035,18,0.0,10.73,89.1,1
INV-000425,2025-12-09,SKU-007,28,104,36,SUPP-015,10,1.6,6.15,79.7,1
INV-000426,2025-10-16,SKU-041,128,72,25,SUPP-041,19,0.8,7.99,98.2,1
INV-000427,2025-11-27,SKU-003,59,38,13,SUPP-018,10,4.8,13.04,58.3,1
INV-000428,2025-11-04,SKU-025,260,145,50,SUPP-032,12,0.6,11.11,65.0,0
INV-000429,2025-12-07,SKU-005,276,141,49,SUPP-019,6,1.6,9.58,24.3,0
INV-000430,2025-12-02,SKU-064,75,128,44,SUPP-047,10,0.0,4.05,28.6,0
INV-000431,2025-11-10,SKU-067,80,52,18,SUPP-037,4,0.0,4.57,40.8,0
INV-000432,2025-10-02,SKU-032,110,51,17,SUPP-014,13,0.8,9.35,65.4,1
INV-000433,2025-10-13,SKU-017,95,108,37,SUPP-013,4,2.0,6.84,103.9,0
INV-000434,2025-11-23,SKU-045,133,143,50,SUPP-034,6,0.9,12.34,95.4,0
INV-000435,2025-10-02,SKU-004,20,128,44,SUPP-013,4,0.0,11.02,99.6,1
INV-000436,2025-12-18,SKU-056,62,114,39,SUPP-001,18,2.3,13.75,105.4,1
INV-000437,2025-12-18,SKU-027,89,96,33,SUPP-040,10,0.0,5.11,81.5,1
INV-000438,2025-10-07,SKU-001,209,126,44,SUPP-027,18,3.5,7.6,66.8,0
INV-000439,2025-10-06,SKU-061,77,73,25,SUPP-036,12,3.6,4.99,62.8,1
INV-000440,2025-12-23,SKU-089,93,123,43,SUPP-046,19,3.1,5.56,100.0,1
INV-000441,2025-12-16,SKU-003,19,65,22,SUPP-018,10,0.6,11.99,82.2,1
INV-000442,2025-12-24,SKU-027,11,33,11,SUPP-040,10,1.7,11.23,29.9,1
INV-000443,2025-10-19,SKU-088,283,148,51,SUPP-045,6,1.5,9.71,97.4,0
INV-000444,2025-11-05,SKU-033,108,102,35,SUPP-042,15,2.6,11.8,84.6,1
INV-000445,2025-12-03,SKU-086,135,112,39,SUPP-048,21,1.1,13.53,127.6,1
INV-000446,2025-10-02,SKU-092,0,32,11,SUPP-040,10,0.6,8.88,42.3,1
INV-000447,2025-12-17,SKU-092,124,121,42,SUPP-040,10,0.0,7.94,65.7,0
INV-000448,2025-11-17,SKU-090,94,100,35,SUPP-015,10,0.0,13.73,109.0,1
INV-000449,2025-12-17,SKU-062,99,118,41,SUPP-003,16,3.7,9.43,121.1,1
INV-000450,2025-10-14,SKU-060,28,134,46,SUPP-008,4,2.0,4.1,104.1,1
INV-000451,2025-10-21,SKU-039,182,94,32,SUPP-035,18,3.3,5.39,119.5,1
INV-000452,2025-11-01,SKU-084,45,33,11,SUPP-005,14,2.5,9.08,28.1,1
INV-000453,2025-12-17,SKU-100,31,80,28,SUPP-017,20,1.4,4.12,48.6,1
INV-000454,2025-12-16,SKU-079,120,129,45,SUPP-010,16,0.0,5.71,59.0,0
INV-000455,2025-12-26,SKU-075,49,49,17,SUPP-017,20,0.0,12.58,72.2,1
INV-000456,2025-11-10,SKU-079,115,132,46,SUPP-010,16,0.0,4.42,57.9,0
INV-000457,2025-10-18,SKU-068,90,102,35,SUPP-010,16,2.8,7.07,110.5,1
INV-000458,2025-10-25,SKU-095,10,76,26,SUPP-049,21,0.0,9.04,99.0,1
INV-000459,2025-12-18,SKU-068,68,78,27,SUPP-010,16,0.8,10.8,75.6,1
INV-000460,2025-12-29,SKU-027,9,78,27,SUPP-040,10,0.0,9.41,129.9,1
INV-000461,2025-12-23,SKU-033,97,109,38,SUPP-042,15,3.0,11.08,107.9,1
INV-000462,2025-10-26,SKU-089,183,92,32,SUPP-046,19,0.6,6.76,35.9,0
INV-000463,2025-11-03,SKU-074,65,140,49,SUPP-033,20,1.3,7.34,91.0,1
INV-000464,2025-12-04,SKU-024,121,128,44,SUPP-023,10,1.7,5.99,32.2,0
INV-000465,2025-11-26,SKU-058,54,30,10,SUPP-040,10,1.6,12.11,59.9,1
INV-000466,2025-10-12,SKU-052,188,130,45,SUPP-046,19,0.4,4.75,44.1,0
INV-000467,2025-12-19,SKU-062,177,117,40,SUPP-003,16,0.1,4.92,74.8,0
INV-000468,2025-12-06,SKU-028,116,84,29,SUPP-009,15,0.0,12.28,125.3,1
INV-000469,2025-11-18,SKU-088,11,64,22,SUPP-045,6,2.0,12.13,39.9,1
INV-000470,2025-12-22,SKU-029,73,45,15,SUPP-041,19,0.0,6.45,89.8,1
INV-000471,2025-11-19,SKU-008,244,125,43,SUPP-006,9,1.6,8.71,101.3,0
INV-000472,2025-11-05,SKU-012,255,132,46,SUPP-018,10,0.0,9.39,47.7,0
INV-000473,2025-12-02,SKU-025,111,144,50,SUPP-032,12,0.7,6.59,43.2,0
INV-000474,2025-10-19,SKU-023,88,90,31,SUPP-030,7,1.0,12.22,124.7,1
INV-000475,2025-12-30,SKU-100,72,36,12,SUPP-017,20,1.6,11.66,44.8,1
INV-000476,2025-10-29,SKU-015,4,64,22,SUPP-039,20,2.2,3.77,36.0,1
INV-000477,2025-10-02,SKU-062,110,116,40,SUPP-003,16,0.6,13.69,51.3,0
INV-000478,2025-12-12,SKU-008,12,73,25,SUPP-006,9,1.3,11.56,26.5,1
INV-000479,2025-10-27,SKU-071,91,136,47,SUPP-004,8,2.7,9.01,76.0,1
INV-000480,2025-11-30,SKU-087,204,93,32,SUPP-031,13,2.8,12.47,58.8,0
INV-000481,2025-11-10,SKU-013,2,55,19,SUPP-044,11,1.4,12.27,100.8,1
INV-000482,2025-12-24,SKU-075,151,113,39,SUPP-017,20,3.1,4.93,112.3,1
INV-000483,2025-10-28,SKU-025,76,80,28,SUPP-032,12,0.9,10.21,104.7,1
INV-000484,2025-12-24,SKU-018,73,65,22,SUPP-025,3,1.5,5.72,42.8,0
INV-000485,2025-12-07,SKU-025,248,129,45,SUPP-032,12,0.0,8.32,110.8,0
INV-000486,2025-12-25,SKU-090,131,75,26,SUPP-015,10,0.6,4.88,20.3,0
INV-000487,2025-12-30,SKU-085,215,131,45,SUPP-042,15,1.8,7.56,128.1,1
INV-000488,2025-10-06,SKU-076,81,113,39,SUPP-009,15,0.7,9.74,79.6,1
INV-000489,2025-11-02,SKU-062,251,125,43,SUPP-003,16,1.5,13.81,109.3,1
INV-000490,2025-11-28,SKU-059,181,137,47,SUPP-037,4,1.4,8.78,51.6,0
INV-000491,2025-11-02,SKU-096,94,89,31,SUPP-047,10,3.5,10.45,64.9,1
INV-000492,2025-12-01,SKU-088,10,58,20,SUPP-045,6,4.5,6.41,26.5,1
INV-000493,2025-10-20,SKU-023,86,106,37,SUPP-030,7,1.8,11.12,95.0,1
INV-000494,2025-11-06,SKU-009,291,136,47,SUPP-030,7,2.8,6.4,87.8,0
INV-000495,2025-12-10,SKU-095,182,137,47,SUPP-049,21,3.6,8.48,80.6,1
INV-000496,2025-11-12,SKU-068,12,34,11,SUPP-010,16,0.0,6.63,104.2,1
INV-000497,2025-10-26,SKU-017,147,70,24,SUPP-013,4,1.4,13.11,115.2,0
INV-000498,2025-11-04,SKU-089,108,73,25,SUPP-046,19,1.1,10.92,108.5,1
INV-000499,2025-11-09,SKU-082,92,137,47,SUPP-019,6,0.9,4.02,65.7,0
INV-000500,2025-11-13,SKU-021,257,138,48,SUPP-036,12,2.2,8.27,80.1,0
INV-000501,2025-10-12,SKU-081,194,116,40,SUPP-030,7,2.4,4.49,88.6,0
INV-000502,2025-11-10,SKU-032,57,79,27,SUPP-014,13,0.0,13.63,109.6,1
INV-000503,2025-10-03,SKU-020,138,79,27,SUPP-020,6,3.8,6.92,48.1,0
INV-000504,2025-10-17,SKU-095,19,38,13,SUPP-049,21,1.9,6.77,110.4,1
INV-000505,2025-12-09,SKU-049,15,99,34,SUPP-002,10,0.2,12.63,103.9,1
INV-000506,2025-12-07,SKU-047,3,119,41,SUPP-046,19,2.7,6.35,22.3,1
INV-000507,2025-11-27,SKU-034,188,145,50,SUPP-023,10,2.5,13.46,110.0,0
INV-000508,2025-12-01,SKU-086,55,80,28,SUPP-048,21,1.7,9.9,30.0,1
INV-000509,2025-11-09,SKU-097,47,34,11,SUPP-006,9,0.0,10.52,47.8,1
INV-000510,2025-11-22,SKU-078,68,60,21,SUPP-003,16,3.6,7.48,78.9,1
INV-000511,2025-11-06,SKU-056,1,99,34,SUPP-001,18,0.6,3.84,77.2,1
INV-000512,2025-12-13,SKU-055,23,54,18,SUPP-009,15,0.0,6.99,31.1,1
INV-000513,2025-11-14,SKU-029,28,36,12,SUPP-041,19,1.7,7.91,30.2,1
INV-000514,2025-10-08,SKU-081,54,69,24,SUPP-030,7,1.8,10.15,65.8,1
INV-000515,2025-12-06,SKU-076,62,50,17,SUPP-009,15,2.6,9.61,42.6,1
INV-000516,2025-11-30,SKU-083,176,82,28,SUPP-039,20,1.0,9.75,48.7,0
INV-000517,2025-10-07,SKU-091,90,85,29,SUPP-042,15,1.5,11.17,61.5,1
INV-000518,2025-11-15,SKU-006,50,31,10,SUPP-006,9,0.8,9.32,66.9,1
INV-000519,2025-11-19,SKU-040,117,99,34,SUPP-009,15,1.3,8.71,19.0,0
INV-000520,2025-10-27,SKU-053,110,66,23,SUPP-035,18,0.8,9.71,103.5,1
INV-000521,2025-10-10,SKU-033,208,140,49,SUPP-042,15,0.0,4.13,106.9,0
INV-000522,2025-12-10,SKU-056,194,149,52,SUPP-001,18,1.9,11.99,76.5,0
INV-000523,2025-12-09,SKU-037,62,40,14,SUPP-014,13,0.8,7.12,107.2,1
INV-000524,2025-11-06,SKU-030,80,70,24,SUPP-017,20,1.3,8.96,17.1,0
INV-000525,2025-10-26,SKU-033,236,119,41,SUPP-042,15,0.9,4.39,42.5,0
INV-000526,2025-12-19,SKU-099,102,77,26,SUPP-036,12,2.3,4.72,97.0,1
INV-000527,2025-10-13,SKU-046,0,128,44,SUPP-039,20,1.7,8.31,87.4,1
INV-000528,2025-10-24,SKU-071,68,108,37,SUPP-004,8,3.3,5.3,129.5,1
INV-000529,2025-12-22,SKU-073,83,55,19,SUPP-017,20,3.3,7.94,44.7,1
INV-000530,2025-12-03,SKU-070,23,46,16,SUPP-004,8,1.2,13.45,96.4,1
INV-000531,2025-11-20,SKU-023,6,86,30,SUPP-030,7,0.0,3.77,58.9,1
INV-000532,2025-11-11,SKU-085,164,143,50,SUPP-042,15,0.8,11.86,15.4,0
INV-000533,2025-10-26,SKU-059,67,93,32,SUPP-037,4,2.8,6.01,17.6,0
INV-000534,2025-12-14,SKU-056,29,34,11,SUPP-001,18,0.6,10.34,119.1,1
INV-000535,2025-11-11,SKU-088,81,112,39,SUPP-045,6,0.8,6.77,103.7,1
INV-000536,2025-11-30,SKU-070,130,126,44,SUPP-004,8,2.0,8.42,31.6,0
INV-000537,2025-12-27,SKU-091,113,56,19,SUPP-042,15,0.7,8.5,92.0,1
INV-000538,2025-12-19,SKU-062,72,126,44,SUPP-003,16,3.2,10.3,44.8,1
INV-000539,2025-11-13,SKU-006,41,72,25,SUPP-006,9,0.5,5.61,45.2,1
INV-000540,2025-11-25,SKU-010,40,126,44,SUPP-004,8,0.6,5.39,74.1,1
INV-000541,2025-11-06,SKU-094,194,89,31,SUPP-045,6,1.0,6.09,33.1,0
INV-000542,2025-11-25,SKU-038,170,113,39,SUPP-029,21,0.0,7.99,57.6,0
INV-000543,2025-11-07,SKU-007,33,46,16,SUPP-015,10,2.1,4.21,120.1,1
INV-000544,2025-11-24,SKU-022,195,135,47,SUPP-013,4,3.7,7.43,103.2,0
INV-000545,2025-10-22,SKU-032,52,62,21,SUPP-014,13,0.0,4.93,15.4,0
INV-000546,2025-11-23,SKU-056,0,43,15,SUPP-001,18,3.0,13.05,99.7,1
INV-000547,2025-10-31,SKU-067,23,62,21,SUPP-037,4,1.5,9.33,83.2,1
INV-000548,2025-11-13,SKU-058,108,73,25,SUPP-040,10,0.5,10.13,74.7,0
INV-000549,2025-12-04,SKU-012,130,87,30,SUPP-018,10,0.0,12.22,50.4,0
INV-000550,2025-10-08,SKU-087,73,61,21,SUPP-031,13,2.0,13.5,93.2,1
INV-000551,2025-10-17,SKU-073,23,43,15,SUPP-017,20,1.4,7.16,114.3,1
INV-000552,2025-10-19,SKU-009,165,129,45,SUPP-030,7,1.2,10.8,54.9,0
INV-000553,2025-12-07,SKU-095,71,44,15,SUPP-049,21,1.5,5.5,40.3,1
INV-000554,2025-12-10,SKU-086,200,108,37,SUPP-048,21,0.0,8.07,66.7,0
INV-000555,2025-11-05,SKU-090,157,90,31,SUPP-015,10,0.0,7.28,55.5,0
INV-000556,2025-11-15,SKU-051,116,65,22,SUPP-008,4,0.7,8.75,57.3,0
INV-000557,2025-11-17,SKU-080,77,75,26,SUPP-019,6,0.9,11.2,84.8,0
INV-000558,2025-11-09,SKU-083,135,148,51,SUPP-039,20,0.0,4.71,103.0,1
INV-000559,2025-11-12,SKU-063,15,44,15,SUPP-011,12,0.0,12.92,81.2,1
INV-000560,2025-10-05,SKU-023,57,39,13,SUPP-030,7,0.1,11.49,39.4,0
INV-000561,2025-11-25,SKU-067,41,107,37,SUPP-037,4,2.1,12.98,89.2,1
INV-000562,2025-10-10,SKU-041,46,39,13,SUPP-041,19,0.0,3.92,125.7,1
INV-000563,2025-12-15,SKU-039,59,71,24,SUPP-035,18,1.8,8.8,51.2,1
INV-000564,2025-11-06,SKU-091,37,36,12,SUPP-042,15,3.6,8.5,127.3,1
INV-000565,2025-10-07,SKU-035,18,123,43,SUPP-016,19,1.4,6.62,42.3,1
INV-000566,2025-11-04,SKU-020,14,77,26,SUPP-020,6,0.1,13.05,121.0,1
INV-000567,2025-11-02,SKU-076,23,99,34,SUPP-009,15,0.1,6.98,66.9,1
INV-000568,2025-12-05,SKU-056,107,88,30,SUPP-001,18,2.9,13.36,74.2,1
INV-000569,2025-12-26,SKU-092,74,110,38,SUPP-040,10,1.8,8.31,22.7,0
INV-000570,2025-10-19,SKU-007,86,91,31,SUPP-015,10,0.4,3.81,65.5,0
INV-000571,2025-12-17,SKU-076,86,101,35,SUPP-009,15,0.2,11.72,81.0,1
INV-000572,2025-10-14,SKU-022,28,56,19,SUPP-013,4,1.5,7.21,50.3,1
INV-000573,2025-10-21,SKU-064,85,133,46,SUPP-047,10,1.9,12.74,30.5,0
INV-000574,2025-10-15,SKU-099,38,33,11,SUPP-036,12,0.0,10.41,28.7,1
INV-000575,2025-10-14,SKU-040,51,32,11,SUPP-009,15,2.0,6.11,120.8,1
INV-000576,2025-11-26,SKU-026,77,118,41,SUPP-034,6,0.3,11.47,17.5,0
INV-000577,2025-11-30,SKU-055,53,65,22,SUPP-009,15,0.0,8.53,21.7,0
INV-000578,2025-10-20,SKU-094,55,77,26,SUPP-045,6,0.0,10.74,56.5,0
INV-000579,2025-12-13,SKU-025,70,50,17,SUPP-032,12,0.3,10.22,112.1,1
INV-000580,2025-11-06,SKU-050,15,57,19,SUPP-038,18,0.0,4.97,87.0,1
INV-000581,2025-11-14,SKU-031,14,33,11,SUPP-031,13,1.7,12.37,116.8,1
INV-000582,2025-12-06,SKU-009,215,114,39,SUPP-030,7,0.9,10.08,71.1,0
INV-000583,2025-11-06,SKU-035,162,97,33,SUPP-016,19,2.2,13.88,114.6,1
INV-000584,2025-10-21,SKU-047,168,123,43,SUPP-046,19,3.0,9.56,57.1,0
INV-000585,2025-12-21,SKU-056,104,81,28,SUPP-001,18,0.9,11.33,47.6,1
INV-000586,2025-10-15,SKU-072,195,110,38,SUPP-049,21,1.9,13.17,63.4,0
INV-000587,2025-10-11,SKU-048,72,57,19,SUPP-030,7,0.0,6.81,96.1,1
INV-000588,2025-12-19,SKU-028,169,80,28,SUPP-009,15,5.5,5.27,39.4,0
INV-000589,2025-11-26,SKU-081,51,120,42,SUPP-030,7,3.0,13.03,126.9,1
INV-000590,2025-12-24,SKU-073,0,31,10,SUPP-017,20,1.6,8.17,22.5,1
INV-000591,2025-12-17,SKU-009,52,71,24,SUPP-030,7,1.7,3.55,61.8,1
INV-000592,2025-10-11,SKU-004,37,55,19,SUPP-013,4,1.9,9.58,40.4,0
INV-000593,2025-12-11,SKU-006,153,148,51,SUPP-006,9,1.8,8.55,101.0,0
INV-000594,2025-11-26,SKU-090,44,119,41,SUPP-015,10,1.7,11.79,119.8,1
INV-000595,2025-12-12,SKU-099,57,98,34,SUPP-036,12,2.1,6.66,63.1,1
INV-000596,2025-10-23,SKU-040,19,57,19,SUPP-009,15,0.0,10.87,28.9,1
INV-000597,2025-11-14,SKU-026,280,134,46,SUPP-034,6,1.4,5.82,37.8,0
INV-000598,2025-12-17,SKU-014,6,89,31,SUPP-010,16,2.0,11.8,99.5,1
INV-000599,2025-11-22,SKU-027,302,149,52,SUPP-040,10,0.0,12.96,69.0,0
INV-000600,2025-12-20,SKU-021,53,132,46,SUPP-036,12,1.9,8.84,93.1,1
INV-000601,2025-10-06,SKU-026,120,69,24,SUPP-034,6,0.3,13.78,119.3,0
INV-000602,2025-11-04,SKU-017,164,144,50,SUPP-013,4,1.8,6.16,41.9,0
INV-000603,2025-12-17,SKU-027,2,86,30,SUPP-040,10,3.0,5.99,88.6,1
INV-000604,2025-11-14,SKU-079,68,144,50,SUPP-010,16,0.0,9.19,62.8,1
INV-000605,2025-12-18,SKU-069,197,109,38,SUPP-014,13,0.3,10.23,68.8,0
INV-000606,2025-11-16,SKU-046,120,83,29,SUPP-039,20,0.0,12.39,36.9,0
INV-000607,2025-10-07,SKU-042,91,66,23,SUPP-016,19,1.1,5.71,57.5,1
INV-000608,2025-11-09,SKU-090,139,126,44,SUPP-015,10,0.0,7.27,72.1,0
INV-000609,2025-11-07,SKU-014,88,56,19,SUPP-010,16,2.1,5.94,97.4,1
INV-000610,2025-12-13,SKU-084,22,84,29,SUPP-005,14,4.1,10.02,55.9,1
INV-000611,2025-12-21,SKU-015,131,94,32,SUPP-039,20,0.5,10.33,38.9,0
INV-000612,2025-10-08,SKU-092,2,40,14,SUPP-040,10,3.6,11.58,106.3,1
INV-000613,2025-11-05,SKU-012,80,56,19,SUPP-018,10,3.0,13.0,97.3,1
INV-000614,2025-10-18,SKU-040,75,94,32,SUPP-009,15,2.5,4.32,42.4,1
INV-000615,2025-10-20,SKU-041,94,52,18,SUPP-041,19,0.2,11.84,99.8,1
INV-000616,2025-11-26,SKU-046,247,129,45,SUPP-039,20,0.0,6.14,76.0,0
INV-000617,2025-10-12,SKU-045,260,134,46,SUPP-034,6,0.0,11.07,49.2,0
INV-000618,2025-11-18,SKU-065,29,71,24,SUPP-012,8,5.3,6.33,61.6,1
INV-000619,2025-10-27,SKU-032,12,111,38,SUPP-014,13,1.4,4.1,110.8,1
INV-000620,2025-12-18,SKU-080,14,56,19,SUPP-019,6,3.5,11.99,102.2,1
INV-000621,2025-11-05,SKU-002,0,110,38,SUPP-049,21,3.5,10.63,61.1,1
INV-000622,2025-11-07,SKU-083,54,60,21,SUPP-039,20,0.6,9.13,122.9,1
INV-000623,2025-12-29,SKU-056,167,92,32,SUPP-001,18,0.0,8.98,77.8,1
INV-000624,2025-10-14,SKU-085,121,56,19,SUPP-042,15,0.5,13.05,75.4,1
INV-000625,2025-11-25,SKU-030,11,50,17,SUPP-017,20,0.0,13.95,56.2,1
INV-000626,2025-10-31,SKU-038,45,45,15,SUPP-029,21,2.0,5.67,113.4,1
INV-000627,2025-11-14,SKU-024,119,70,24,SUPP-023,10,3.0,6.65,101.5,1
INV-000628,2025-10-02,SKU-066,127,59,20,SUPP-050,6,1.9,12.73,83.4,0
INV-000629,2025-10-06,SKU-049,202,113,39,SUPP-002,10,2.9,13.02,64.7,0
INV-000630,2025-12-09,SKU-076,228,104,36,SUPP-009,15,0.5,7.64,45.6,0
INV-000631,2025-10-14,SKU-025,16,69,24,SUPP-032,12,0.5,6.28,72.6,1
INV-000632,2025-10-04,SKU-100,33,123,43,SUPP-017,20,1.1,9.11,90.3,1
INV-000633,2025-11-26,SKU-039,98,109,38,SUPP-035,18,0.0,12.09,49.3,1
INV-000634,2025-12-29,SKU-043,56,60,21,SUPP-015,10,0.0,3.86,40.3,0
INV-000635,2025-12-28,SKU-096,60,40,14,SUPP-047,10,2.5,6.13,78.2,1
INV-000636,2025-11-23,SKU-052,65,122,42,SUPP-046,19,3.5,7.24,31.7,1
INV-000637,2025-11-10,SKU-058,43,97,33,SUPP-040,10,2.4,5.89,118.3,1
INV-000638,2025-12-18,SKU-017,6,36,12,SUPP-013,4,0.6,5.28,23.0,1
INV-000639,2025-11-16,SKU-007,260,146,51,SUPP-015,10,1.2,7.27,127.9,0
INV-000640,2025-12-26,SKU-006,56,67,23,SUPP-006,9,0.2,6.43,16.4,0
INV-000641,2025-11-14,SKU-016,127,89,31,SUPP-015,10,1.1,11.1,58.6,0
INV-000642,2025-12-17,SKU-095,266,121,42,SUPP-049,21,3.8,9.63,57.7,0
INV-000643,2025-12-23,SKU-016,191,146,51,SUPP-015,10,0.7,11.9,122.4,0
INV-000644,2025-11-19,SKU-050,74,89,31,SUPP-038,18,3.0,5.47,58.4,1
INV-000645,2025-11-09,SKU-077,39,51,17,SUPP-031,13,1.9,10.91,15.6,0
INV-000646,2025-10-10,SKU-043,174,146,51,SUPP-015,10,1.8,4.2,99.9,0
INV-000647,2025-10-28,SKU-052,102,85,29,SUPP-046,19,1.9,6.96,53.9,1
INV-000648,2025-10-24,SKU-070,68,59,20,SUPP-004,8,1.5,9.83,56.9,0
INV-000649,2025-12-11,SKU-035,35,115,40,SUPP-016,19,0.0,13.99,38.4,1
INV-000650,2025-11-04,SKU-018,12,30,10,SUPP-025,3,0.0,3.91,43.5,1
INV-000651,2025-10-18,SKU-049,35,143,50,SUPP-002,10,0.0,4.29,82.9,1
INV-000652,2025-12-19,SKU-094,96,72,25,SUPP-045,6,0.3,3.81,76.3,0
INV-000653,2025-11-10,SKU-080,53,42,14,SUPP-019,6,0.0,5.88,17.1,0
INV-000654,2025-12-11,SKU-001,66,31,10,SUPP-027,18,0.0,4.28,125.8,1
INV-000655,2025-12-13,SKU-034,37,96,33,SUPP-023,10,2.6,7.64,37.9,1
INV-000656,2025-12-23,SKU-007,55,32,11,SUPP-015,10,1.9,10.34,67.3,1
INV-000657,2025-10-09,SKU-023,222,114,39,SUPP-030,7,1.4,5.65,95.3,0
INV-000658,2025-10-29,SKU-024,122,149,52,SUPP-023,10,1.9,13.58,19.6,0
INV-000659,2025-11-22,SKU-044,20,85,29,SUPP-019,6,2.3,13.93,94.3,1
INV-000660,2025-12-28,SKU-033,55,128,44,SUPP-042,15,2.0,4.35,118.4,1
INV-000661,2025-11-29,SKU-061,3,45,15,SUPP-036,12,2.7,5.68,94.5,1
INV-000662,2025-10-25,SKU-082,286,138,48,SUPP-019,6,0.0,13.96,52.1,0
INV-000663,2025-12-16,SKU-090,72,112,39,SUPP-015,10,0.6,8.5,93.2,1
INV-000664,2025-11-15,SKU-065,227,148,51,SUPP-012,8,0.9,13.7,33.1,0
INV-000665,2025-11-07,SKU-025,51,58,20,SUPP-032,12,0.7,9.31,98.0,1
INV-000666,2025-10-23,SKU-007,55,78,27,SUPP-015,10,0.0,13.34,124.3,1
INV-000667,2025-11-18,SKU-084,8,31,10,SUPP-005,14,1.7,7.35,82.6,1
INV-000668,2025-12-12,SKU-015,31,84,29,SUPP-039,20,1.0,4.2,24.2,1
INV-000669,2025-10-04,SKU-014,95,112,39,SUPP-010,16,2.2,10.04,35.8,0
INV-000670,2025-12-19,SKU-022,71,101,35,SUPP-013,4,1.6,8.88,72.4,0
INV-000671,2025-10-06,SKU-043,54,72,25,SUPP-015,10,0.5,12.9,86.6,1
INV-000672,2025-11-24,SKU-045,86,93,32,SUPP-034,6,0.0,9.1,59.3,0
INV-000673,2025-11-04,SKU-037,265,137,47,SUPP-014,13,1.9,11.3,70.2,0
INV-000674,2025-10-27,SKU-031,236,128,44,SUPP-031,13,1.8,13.41,76.6,0
INV-000675,2025-11-01,SKU-080,118,61,21,SUPP-019,6,0.9,8.45,29.0,0
INV-000676,2025-10-23,SKU-050,57,31,10,SUPP-038,18,0.0,7.12,71.2,1
INV-000677,2025-11-14,SKU-023,132,142,49,SUPP-030,7,1.9,8.03,28.5,0
INV-000678,2025-12-13,SKU-066,276,136,47,SUPP-050,6,0.0,10.5,113.4,0
INV-000679,2025-11-15,SKU-041,14,53,18,SUPP-041,19,0.3,8.76,24.9,1
INV-000680,2025-10-25,SKU-004,232,108,37,SUPP-013,4,0.7,11.22,65.8,0
INV-000681,2025-11-12,SKU-025,146,131,45,SUPP-032,12,1.2,6.73,15.7,0
INV-000682,2025-10-22,SKU-067,161,142,49,SUPP-037,4,1.4,13.91,111.8,0
INV-000683,2025-12-26,SKU-100,21,61,21,SUPP-017,20,0.0,13.46,64.3,1
INV-000684,2025-12-17,SKU-051,18,127,44,SUPP-008,4,0.9,11.76,42.1,0
INV-000685,2025-10-16,SKU-041,15,55,19,SUPP-041,19,3.2,5.64,89.6,1
INV-000686,2025-11-29,SKU-063,101,48,16,SUPP-011,12,1.2,13.34,96.1,1
INV-000687,2025-12-23,SKU-056,19,48,16,SUPP-001,18,1.5,5.79,26.3,1
INV-000688,2025-10-17,SKU-009,19,113,39,SUPP-030,7,0.0,13.57,115.4,1
INV-000689,2025-12-29,SKU-006,113,149,52,SUPP-006,9,0.9,12.85,88.2,0
INV-000690,2025-11-18,SKU-066,37,56,19,SUPP-050,6,2.1,8.46,64.2,1
INV-000691,2025-11-26,SKU-098,73,139,48,SUPP-035,18,1.7,6.79,75.3,1
INV-000692,2025-12-02,SKU-090,196,94,32,SUPP-015,10,2.5,12.81,32.1,0
INV-000693,2025-11-05,SKU-061,32,43,15,SUPP-036,12,0.0,3.64,81.7,1
INV-000694,2025-10-18,SKU-061,39,121,42,SUPP-036,12,0.7,4.89,95.0,1
INV-000695,2025-10-16,SKU-049,120,62,21,SUPP-002,10,0.1,8.72,30.3,0
INV-000696,2025-10-16,SKU-082,5,58,20,SUPP-019,6,1.6,6.73,80.3,1
INV-000697,2025-10-25,SKU-063,104,62,21,SUPP-011,12,0.8,7.24,126.3,1
INV-000698,2025-11-03,SKU-016,25,44,15,SUPP-015,10,0.0,12.95,19.3,0
INV-000699,2025-10-26,SKU-016,26,111,38,SUPP-015,10,0.0,7.08,23.5,0
INV-000700,2025-11-22,SKU-060,172,115,40,SUPP-008,4,1.7,7.34,123.9,0
INV-000701,2025-12-04,SKU-066,83,39,13,SUPP-050,6,0.0,10.91,125.1,1
INV-000702,2025-12-13,SKU-064,1,132,46,SUPP-047,10,1.8,9.44,43.0,1
INV-000703,2025-11-04,SKU-078,49,66,23,SUPP-003,16,1.4,6.46,102.3,1
INV-000704,2025-11-28,SKU-046,1,40,14,SUPP-039,20,0.0,11.29,121.3,1
INV-000705,2025-12-18,SKU-072,46,45,15,SUPP-049,21,1.5,3.79,21.7,1
INV-000706,2025-11-28,SKU-036,184,110,38,SUPP-046,19,4.7,7.68,116.4,1
INV-000707,2025-10-31,SKU-067,59,112,39,SUPP-037,4,0.0,9.15,17.8,0
INV-000708,2025-10-23,SKU-039,31,34,11,SUPP-035,18,0.0,10.21,92.0,1
INV-000709,2025-12-10,SKU-093,177,133,46,SUPP-038,18,2.6,5.19,113.6,1
INV-000710,2025-11-02,SKU-058,213,127,44,SUPP-040,10,0.8,5.34,79.4,0
INV-000711,2025-10-17,SKU-007,99,80,28,SUPP-015,10,0.0,9.12,33.4,0
INV-000712,2025-10-15,SKU-072,116,53,18,SUPP-049,21,3.6,13.8,96.7,1
INV-000713,2025-12-12,SKU-007,92,49,17,SUPP-015,10,0.0,5.04,126.9,1
INV-000714,2025-10-20,SKU-050,50,43,15,SUPP-038,18,0.0,7.25,89.4,1
INV-000715,2025-12-15,SKU-049,55,38,13,SUPP-002,10,0.0,5.24,107.7,1
INV-000716,2025-10-13,SKU-065,161,92,32,SUPP-012,8,3.2,12.4,81.1,0
INV-000717,2025-10-10,SKU-059,56,34,11,SUPP-037,4,0.5,7.39,42.4,0
INV-000718,2025-12-16,SKU-042,94,56,19,SUPP-016,19,0.0,10.08,75.9,1
INV-000719,2025-12-05,SKU-060,61,61,21,SUPP-008,4,0.2,12.49,31.0,0
INV-000720,2025-11-02,SKU-052,253,121,42,SUPP-046,19,3.1,9.86,117.3,1
INV-000721,2025-11-19,SKU-013,3,40,14,SUPP-044,11,2.1,7.59,37.9,1
INV-000722,2025-10-08,SKU-060,67,33,11,SUPP-008,4,2.4,3.58,80.6,1
INV-000723,2025-10-07,SKU-020,233,129,45,SUPP-020,6,1.2,4.39,121.7,0
INV-000724,2025-10-13,SKU-043,2,54,18,SUPP-015,10,0.0,4.88,19.5,1
INV-000725,2025-11-23,SKU-043,51,66,23,SUPP-015,10,0.9,11.06,35.4,0
INV-000726,2025-10-17,SKU-045,169,143,50,SUPP-034,6,2.5,5.92,34.1,0
INV-000727,2025-10-12,SKU-060,36,113,39,SUPP-008,4,2.2,6.67,98.4,1
INV-000728,2025-12-27,SKU-076,64,49,17,SUPP-009,15,2.0,7.86,110.9,1
INV-000729,2025-10-17,SKU-094,32,30,10,SUPP-045,6,0.0,11.64,29.4,0
INV-000730,2025-10-08,SKU-099,96,146,51,SUPP-036,12,2.1,5.29,95.2,1
INV-000731,2025-12-09,SKU-093,40,34,11,SUPP-038,18,0.0,11.42,97.0,1
INV-000732,2025-12-28,SKU-038,62,33,11,SUPP-029,21,0.0,13.65,67.3,1
INV-000733,2025-10-09,SKU-003,185,138,48,SUPP-018,10,0.4,12.81,129.0,0
INV-000734,2025-10-13,SKU-007,116,78,27,SUPP-015,10,1.0,7.24,75.4,0
INV-000735,2025-12-17,SKU-088,243,132,46,SUPP-045,6,1.9,4.45,82.5,0
INV-000736,2025-10-20,SKU-058,7,32,11,SUPP-040,10,0.2,8.61,82.3,1
INV-000737,2025-12-27,SKU-080,162,82,28,SUPP-019,6,4.7,5.78,81.1,0
INV-000738,2025-12-19,SKU-064,32,44,15,SUPP-047,10,1.0,9.85,37.3,1
INV-000739,2025-11-05,SKU-001,168,81,28,SUPP-027,18,2.1,10.19,119.6,1
INV-000740,2025-11-07,SKU-037,234,116,40,SUPP-014,13,3.6,7.45,60.6,0
INV-000741,2025-10-13,SKU-016,173,105,36,SUPP-015,10,0.7,8.38,78.2,0
INV-000742,2025-12-08,SKU-006,20,32,11,SUPP-006,9,2.4,4.15,113.1,1
INV-000743,2025-12-08,SKU-074,180,131,45,SUPP-033,20,1.8,10.47,33.1,0
INV-000744,2025-11-03,SKU-091,209,102,35,SUPP-042,15,1.0,5.44,60.0,0
INV-000745,2025-10-12,SKU-074,118,57,19,SUPP-033,20,2.7,9.45,122.7,1
INV-000746,2025-12-21,SKU-075,63,47,16,SUPP-017,20,2.6,12.9,86.3,1
INV-000747,2025-10-25,SKU-057,214,102,35,SUPP-015,10,0.0,13.9,119.3,0
INV-000748,2025-11-30,SKU-098,85,97,33,SUPP-035,18,1.1,11.13,114.4,1
INV-000749,2025-11-10,SKU-092,275,142,49,SUPP-040,10,2.9,12.42,40.4,0
INV-000750,2025-10-10,SKU-045,85,81,28,SUPP-034,6,0.3,8.47,38.4,0
INV-000751,2025-12-16,SKU-034,41,53,18,SUPP-023,10,2.6,4.75,123.1,1
INV-000752,2025-10-14,SKU-006,99,125,43,SUPP-006,9,1.2,8.1,127.8,1
INV-000753,2025-11-09,SKU-026,32,38,13,SUPP-034,6,1.2,3.65,70.1,1
INV-000754,2025-12-10,SKU-040,264,150,52,SUPP-009,15,1.2,6.54,128.6,1
INV-000755,2025-12-06,SKU-036,50,51,17,SUPP-046,19,0.0,4.35,68.8,1
INV-000756,2025-10-16,SKU-072,77,36,12,SUPP-049,21,3.6,7.96,68.1,1
INV-000757,2025-12-08,SKU-023,186,121,42,SUPP-030,7,2.1,11.72,63.0,0
INV-000758,2025-11-03,SKU-077,119,68,23,SUPP-031,13,0.0,11.47,75.1,1
INV-000759,2025-12-04,SKU-089,256,117,40,SUPP-046,19,0.0,11.61,103.1,1
INV-000760,2025-10-14,SKU-067,63,137,47,SUPP-037,4,0.7,11.52,112.7,0
INV-000761,2025-12-26,SKU-071,169,123,43,SUPP-004,8,1.4,7.37,66.5,0
INV-000762,2025-12-26,SKU-052,107,61,21,SUPP-046,19,0.0,12.4,90.6,1
INV-000763,2025-10-23,SKU-023,53,64,22,SUPP-030,7,2.0,13.16,94.1,1
INV-000764,2025-12-13,SKU-075,91,65,22,SUPP-017,20,0.0,13.7,120.0,1
INV-000765,2025-10-23,SKU-026,130,63,22,SUPP-034,6,1.7,11.61,66.2,0
INV-000766,2025-11-06,SKU-012,141,126,44,SUPP-018,10,2.1,8.25,120.7,1
INV-000767,2025-11-26,SKU-077,79,106,37,SUPP-031,13,0.0,7.91,56.4,1
INV-000768,2025-10-05,SKU-002,95,67,23,SUPP-049,21,2.2,11.47,73.5,1
INV-000769,2025-10-24,SKU-011,4,150,52,SUPP-015,10,1.6,12.17,27.5,1
INV-000770,2025-11-12,SKU-002,6,42,14,SUPP-049,21,2.5,7.21,37.6,1
INV-000771,2025-11-19,SKU-098,202,111,38,SUPP-035,18,2.2,6.22,57.3,0
INV-000772,2025-12-17,SKU-048,277,150,52,SUPP-030,7,2.1,11.46,79.3,0
INV-000773,2025-12-25,SKU-033,61,79,27,SUPP-042,15,4.7,9.28,45.1,1
INV-000774,2025-12-25,SKU-047,87,58,20,SUPP-046,19,4.1,13.54,127.8,1
INV-000775,2025-10-28,SKU-049,11,61,21,SUPP-002,10,1.5,3.88,94.4,1
INV-000776,2025-12-25,SKU-077,99,97,33,SUPP-031,13,0.8,4.3,71.1,1
INV-000777,2025-10-31,SKU-021,21,76,26,SUPP-036,12,1.4,11.21,84.2,1
INV-000778,2025-11-17,SKU-061,26,34,11,SUPP-036,12,1.9,5.69,84.1,1
INV-000779,2025-10-29,SKU-018,9,30,10,SUPP-025,3,3.0,8.01,124.9,1
INV-000780,2025-10-15,SKU-044,41,78,27,SUPP-019,6,1.8,11.1,48.2,0
INV-000781,2025-12-14,SKU-059,3,38,13,SUPP-037,4,0.0,3.85,97.6,1
INV-000782,2025-10-05,SKU-040,142,73,25,SUPP-009,15,0.0,3.52,84.3,1
INV-000783,2025-12-23,SKU-009,56,131,45,SUPP-030,7,1.0,8.86,54.9,0
INV-000784,2025-11-05,SKU-075,68,121,42,SUPP-017,20,2.7,11.84,34.4,1
INV-000785,2025-12-22,SKU-063,4,40,14,SUPP-011,12,0.1,10.76,76.0,1
INV-000786,2025-10-15,SKU-063,112,87,30,SUPP-011,12,2.4,5.05,80.8,1
INV-000787,2025-10-11,SKU-086,104,94,32,SUPP-048,21,0.3,13.07,36.4,0
INV-000788,2025-11-28,SKU-038,41,64,22,SUPP-029,21,1.4,4.78,97.9,1
INV-000789,2025-10-25,SKU-043,134,150,52,SUPP-015,10,0.0,6.41,15.5,0
INV-000790,2025-10-24,SKU-045,102,90,31,SUPP-034,6,3.0,11.24,95.6,1
INV-000791,2025-12-05,SKU-023,48,36,12,SUPP-030,7,1.0,3.69,25.1,0
INV-000792,2025-12-19,SKU-016,38,36,12,SUPP-015,10,3.2,12.17,28.5,1
INV-000793,2025-11-14,SKU-098,8,34,11,SUPP-035,18,1.1,6.21,128.7,1
INV-000794,2025-12-01,SKU-051,23,33,11,SUPP-008,4,0.0,3.86,59.8,1
INV-000795,2025-11-04,SKU-055,98,49,17,SUPP-009,15,0.5,4.88,38.5,0
INV-000796,2025-10-02,SKU-082,85,65,22,SUPP-019,6,2.7,11.3,41.6,0
INV-000797,2025-11-20,SKU-057,97,69,24,SUPP-015,10,0.0,13.65,120.9,1
INV-000798,2025-12-14,SKU-089,72,90,31,SUPP-046,19,1.2,13.0,129.5,1
INV-000799,2025-12-13,SKU-042,116,94,32,SUPP-016,19,1.8,10.25,26.4,0
INV-000800,2025-12-22,SKU-080,286,130,45,SUPP-019,6,1.6,7.98,31.4,0
INV-000801,2025-11-14,SKU-034,38,102,35,SUPP-023,10,2.2,9.76,41.7,1
INV-000802,2025-12-03,SKU-043,69,119,41,SUPP-015,10,0.0,12.49,48.1,0
INV-000803,2025-12-05,SKU-056,118,54,18,SUPP-001,18,3.5,13.33,56.7,1
INV-000804,2025-11-06,SKU-076,22,31,10,SUPP-009,15,1.4,3.91,22.0,1
INV-000805,2025-12-19,SKU-029,92,80,28,SUPP-041,19,1.0,6.06,37.8,1
INV-000806,2025-12-09,SKU-011,2,38,13,SUPP-015,10,0.0,8.08,110.1,1
INV-000807,2025-11-11,SKU-093,205,119,41,SUPP-038,18,1.9,7.53,61.6,0
INV-000808,2025-12-23,SKU-025,62,119,41,SUPP-032,12,2.4,10.37,88.5,1
INV-000809,2025-10-06,SKU-061,63,120,42,SUPP-036,12,2.2,13.74,26.0,0
INV-000810,2025-12-11,SKU-022,90,135,47,SUPP-013,4,1.6,6.56,32.2,0
INV-000811,2025-12-07,SKU-100,73,83,29,SUPP-017,20,1.5,4.15,65.0,1
INV-000812,2025-11-03,SKU-058,243,144,50,SUPP-040,10,2.1,13.78,42.0,0
INV-000813,2025-10-31,SKU-067,55,52,18,SUPP-037,4,0.0,7.08,86.0,0
INV-000814,2025-12-14,SKU-027,153,71,24,SUPP-040,10,1.0,10.81,42.3,0
INV-000815,2025-12-01,SKU-054,7,73,25,SUPP-027,18,2.4,12.8,85.8,1
INV-000816,2025-12-23,SKU-079,22,77,26,SUPP-010,16,0.1,13.97,35.8,1
INV-000817,2025-11-21,SKU-061,62,36,12,SUPP-036,12,1.6,13.49,82.2,1
INV-000818,2025-11-21,SKU-093,255,142,49,SUPP-038,18,0.0,4.62,55.1,0
INV-000819,2025-11-28,SKU-081,228,150,52,SUPP-030,7,0.6,12.21,92.9,0
INV-000820,2025-10-23,SKU-047,255,140,49,SUPP-046,19,2.4,4.81,65.8,0
INV-000821,2025-10-15,SKU-038,95,136,47,SUPP-029,21,2.9,13.53,117.0,1
INV-000822,2025-10-03,SKU-045,100,93,32,SUPP-034,6,2.1,4.63,35.0,0
INV-000823,2025-12-25,SKU-086,53,139,48,SUPP-048,21,0.0,11.11,107.0,1
INV-000824,2025-12-23,SKU-010,267,131,45,SUPP-004,8,1.5,9.44,83.1,0
INV-000825,2025-11-21,SKU-014,6,64,22,SUPP-010,16,0.1,4.43,15.7,1
INV-000826,2025-11-12,SKU-085,91,65,22,SUPP-042,15,0.2,13.55,77.1,1
INV-000827,2025-12-21,SKU-032,169,102,35,SUPP-014,13,0.0,13.89,103.7,1
INV-000828,2025-12-09,SKU-030,104,85,29,SUPP-017,20,0.2,9.54,32.8,0
INV-000829,2025-10-16,SKU-037,201,106,37,SUPP-014,13,6.4,6.28,127.1,1
INV-000830,2025-10-02,SKU-010,118,65,22,SUPP-004,8,0.1,3.53,46.6,0
INV-000831,2025-11-24,SKU-078,159,88,30,SUPP-003,16,0.7,12.26,94.6,1
INV-000832,2025-12-05,SKU-079,102,79,27,SUPP-010,16,1.7,10.17,64.4,1
INV-000833,2025-10-03,SKU-018,7,69,24,SUPP-025,3,0.0,11.98,127.3,1
INV-000834,2025-12-21,SKU-002,1,110,38,SUPP-049,21,2.7,3.88,106.3,1
INV-000835,2025-11-24,SKU-087,71,57,19,SUPP-031,13,0.9,8.77,74.1,1
INV-000836,2025-10-04,SKU-080,15,71,24,SUPP-019,6,2.5,11.43,36.1,1
INV-000837,2025-11-18,SKU-030,123,147,51,SUPP-017,20,2.4,13.25,109.8,1
INV-000838,2025-12-02,SKU-005,5,39,13,SUPP-019,6,0.2,5.62,31.6,1
INV-000839,2025-12-25,SKU-010,81,97,33,SUPP-004,8,1.2,12.97,83.3,1
INV-000840,2025-12-09,SKU-082,160,103,36,SUPP-019,6,2.7,12.19,59.4,0
INV-000841,2025-10-08,SKU-044,24,34,11,SUPP-019,6,0.6,6.31,96.8,1
INV-000842,2025-10-23,SKU-030,35,51,17,SUPP-017,20,0.5,7.36,90.8,1
INV-000843,2025-10-20,SKU-077,20,43,15,SUPP-031,13,2.6,8.96,86.1,1
INV-000844,2025-11-10,SKU-022,108,140,49,SUPP-013,4,1.9,9.83,87.3,0
INV-000845,2025-12-14,SKU-031,7,65,22,SUPP-031,13,0.4,7.89,39.3,1
INV-000846,2025-11-14,SKU-099,211,140,49,SUPP-036,12,1.6,8.92,53.4,0
INV-000847,2025-12-19,SKU-071,68,74,25,SUPP-004,8,3.2,11.13,24.6,0
INV-000848,2025-10-07,SKU-030,25,59,20,SUPP-017,20,2.1,9.45,38.3,1
INV-000849,2025-10-23,SKU-093,22,72,25,SUPP-038,18,0.0,11.64,101.9,1
INV-000850,2025-11-07,SKU-022,14,68,23,SUPP-013,4,0.0,4.76,52.6,1
INV-000851,2025-12-09,SKU-042,148,106,37,SUPP-016,19,2.4,5.4,121.6,1
INV-000852,2025-10-05,SKU-033,169,105,36,SUPP-042,15,2.2,8.95,92.9,1
INV-000853,2025-12-21,SKU-044,265,130,45,SUPP-019,6,0.0,8.07,25.0,0
INV-000854,2025-11-21,SKU-083,53,90,31,SUPP-039,20,2.8,8.07,126.1,1
INV-000855,2025-10-13,SKU-066,5,38,13,SUPP-050,6,0.3,10.19,58.5,1
INV-000856,2025-10-17,SKU-046,109,84,29,SUPP-039,20,0.0,12.01,74.0,1
INV-000857,2025-12-25,SKU-002,26,30,10,SUPP-049,21,0.0,12.18,73.8,1
INV-000858,2025-11-26,SKU-074,176,95,33,SUPP-033,20,2.0,12.91,125.8,1
INV-000859,2025-12-22,SKU-079,82,112,39,SUPP-010,16,4.1,5.81,29.1,0
INV-000860,2025-11-17,SKU-026,16,141,49,SUPP-034,6,2.5,7.91,104.2,1
INV-000861,2025-10-09,SKU-010,182,141,49,SUPP-004,8,1.9,6.73,84.3,0
INV-000862,2025-10-03,SKU-080,176,119,41,SUPP-019,6,1.4,4.58,94.0,0
INV-000863,2025-11-21,SKU-076,173,140,49,SUPP-009,15,0.0,10.61,106.2,1
INV-000864,2025-10-03,SKU-003,239,147,51,SUPP-018,10,2.1,13.45,66.6,0
INV-000865,2025-11-30,SKU-042,47,46,16,SUPP-016,19,2.7,9.78,99.0,1
INV-000866,2025-11-13,SKU-082,215,126,44,SUPP-019,6,0.0,3.7,67.7,0
INV-000867,2025-11-14,SKU-021,123,122,42,SUPP-036,12,0.0,9.35,115.1,1
INV-000868,2025-10-14,SKU-086,138,125,43,SUPP-048,21,2.5,13.86,59.5,1
INV-000869,2025-10-09,SKU-080,22,66,23,SUPP-019,6,2.6,12.16,25.4,0
INV-000870,2025-10-23,SKU-076,117,141,49,SUPP-009,15,0.0,7.18,86.9,1
INV-000871,2025-11-08,SKU-090,227,125,43,SUPP-015,10,1.4,10.91,130.0,0
INV-000872,2025-11-18,SKU-030,2,82,28,SUPP-017,20,0.3,10.59,71.8,1
INV-000873,2025-10-17,SKU-040,64,39,13,SUPP-009,15,1.9,9.94,55.9,1
INV-000874,2025-10-12,SKU-085,13,149,52,SUPP-042,15,0.0,4.12,26.1,1
INV-000875,2025-12-23,SKU-030,47,74,25,SUPP-017,20,2.4,6.06,95.5,1
INV-000876,2025-11-27,SKU-050,23,135,47,SUPP-038,18,1.2,7.9,104.6,1
INV-000877,2025-11-08,SKU-094,123,102,35,SUPP-045,6,2.1,9.89,37.4,0
INV-000878,2025-11-11,SKU-099,177,108,37,SUPP-036,12,2.8,8.74,80.4,0
INV-000879,2025-11-22,SKU-031,124,110,38,SUPP-031,13,2.7,4.06,74.3,1
INV-000880,2025-12-02,SKU-050,122,87,30,SUPP-038,18,2.5,5.91,38.3,0
INV-000881,2025-12-28,SKU-037,5,123,43,SUPP-014,13,0.0,9.09,26.5,1
INV-000882,2025-10-30,SKU-062,77,45,15,SUPP-003,16,1.4,12.41,114.4,1
INV-000883,2025-12-28,SKU-026,104,147,51,SUPP-034,6,0.0,8.27,73.2,0
INV-000884,2025-11-28,SKU-037,136,102,35,SUPP-014,13,0.0,4.64,78.8,0
INV-000885,2025-10-20,SKU-049,33,136,47,SUPP-002,10,0.0,11.08,102.0,1
INV-000886,2025-12-15,SKU-045,25,143,50,SUPP-034,6,3.3,5.02,86.6,1
INV-000887,2025-10-19,SKU-023,59,54,18,SUPP-030,7,3.1,3.69,97.7,1
INV-000888,2025-10-02,SKU-068,223,141,49,SUPP-010,16,3.1,7.99,43.3,0
INV-000889,2025-12-03,SKU-063,67,67,23,SUPP-011,12,0.3,4.53,88.0,1
INV-000890,2025-12-02,SKU-057,113,61,21,SUPP-015,10,0.4,7.07,122.3,1
INV-000891,2025-12-19,SKU-076,75,97,33,SUPP-009,15,0.7,10.09,32.5,0
INV-000892,2025-11-26,SKU-005,83,58,20,SUPP-019,6,0.7,6.45,57.5,0
INV-000893,2025-12-06,SKU-094,41,34,11,SUPP-045,6,0.5,8.71,51.9,1
INV-000894,2025-10-20,SKU-082,249,130,45,SUPP-019,6,0.2,3.62,59.6,0
INV-000895,2025-12-17,SKU-017,67,37,12,SUPP-013,4,0.0,6.8,47.3,0
INV-000896,2025-12-28,SKU-073,228,116,40,SUPP-017,20,2.7,6.55,18.5,0
INV-000897,2025-12-10,SKU-028,68,44,15,SUPP-009,15,2.3,8.73,51.7,1
INV-000898,2025-12-04,SKU-053,172,124,43,SUPP-035,18,0.8,6.86,56.7,0
INV-000899,2025-12-01,SKU-042,111,106,37,SUPP-016,19,1.9,12.01,103.7,1
INV-000900,2025-10-16,SKU-098,9,71,24,SUPP-035,18,0.0,4.77,120.2,1
INV-000901,2025-10-20,SKU-014,117,68,23,SUPP-010,16,3.3,9.03,100.1,1
INV-000902,2025-11-24,SKU-089,60,48,16,SUPP-046,19,1.4,11.86,111.3,1
INV-000903,2025-10-05,SKU-046,177,105,36,SUPP-039,20,2.2,8.7,64.7,1
INV-000904,2025-10-25,SKU-050,167,112,39,SUPP-038,18,3.3,13.51,51.4,0
INV-000905,2025-12-17,SKU-054,91,99,34,SUPP-027,18,0.1,3.82,59.8,1
INV-000906,2025-11-22,SKU-055,13,30,10,SUPP-009,15,0.3,7.48,45.0,1
INV-000907,2025-10-12,SKU-053,123,72,25,SUPP-035,18,0.0,12.46,59.9,1
INV-000908,2025-12-19,SKU-087,139,71,24,SUPP-031,13,2.2,4.65,113.0,1
INV-000909,2025-12-28,SKU-002,113,149,52,SUPP-049,21,1.1,3.57,123.1,1
INV-000910,2025-12-04,SKU-100,129,150,52,SUPP-017,20,3.2,3.97,71.2,1
INV-000911,2025-12-28,SKU-090,82,107,37,SUPP-015,10,0.6,11.83,71.5,1
INV-000912,2025-11-27,SKU-066,126,77,26,SUPP-050,6,2.3,11.36,116.1,0
INV-000913,2025-12-05,SKU-035,134,98,34,SUPP-016,19,2.1,9.72,15.9,0
INV-000914,2025-11-28,SKU-011,34,60,21,SUPP-015,10,0.9,11.0,23.0,0
INV-000915,2025-12-27,SKU-090,128,118,41,SUPP-015,10,1.6,3.67,65.1,0
INV-000916,2025-11-26,SKU-026,110,55,19,SUPP-034,6,1.2,13.28,16.2,0
INV-000917,2025-10-17,SKU-035,185,116,40,SUPP-016,19,2.3,9.35,94.9,1
INV-000918,2025-10-22,SKU-051,9,36,12,SUPP-008,4,1.8,9.9,96.6,1
INV-000919,2025-12-04,SKU-018,112,54,18,SUPP-025,3,3.2,4.94,22.1,0
INV-000920,2025-12-26,SKU-094,40,139,48,SUPP-045,6,2.5,4.07,18.9,0
INV-000921,2025-10-15,SKU-022,27,104,36,SUPP-013,4,1.2,4.32,21.3,0
INV-000922,2025-10-06,SKU-007,244,142,49,SUPP-015,10,0.0,4.15,83.0,0
INV-000923,2025-10-04,SKU-088,91,130,45,SUPP-045,6,0.0,9.02,61.3,0
INV-000924,2025-11-11,SKU-006,39,45,15,SUPP-006,9,2.2,10.16,98.1,1
INV-000925,2025-11-05,SKU-014,115,64,22,SUPP-010,16,3.0,8.23,101.0,1
INV-000926,2025-10-13,SKU-019,152,77,26,SUPP-046,19,2.4,3.61,39.8,0
INV-000927,2025-11-04,SKU-016,162,109,38,SUPP-015,10,1.3,4.79,24.8,0
INV-000928,2025-12-03,SKU-047,16,47,16,SUPP-046,19,1.0,7.42,15.6,1
INV-000929,2025-12-27,SKU-003,112,53,18,SUPP-018,10,1.7,10.32,118.2,1
INV-000930,2025-12-22,SKU-064,49,80,28,SUPP-047,10,1.7,4.89,118.9,1
INV-000931,2025-12-21,SKU-095,112,73,25,SUPP-049,21,2.4,11.35,97.1,1
INV-000932,2025-10-10,SKU-043,107,96,33,SUPP-015,10,1.1,7.8,46.8,0
INV-000933,2025-11-25,SKU-037,50,87,30,SUPP-014,13,0.7,13.44,121.7,1
INV-000934,2025-12-13,SKU-091,24,119,41,SUPP-042,15,0.1,13.84,114.6,1
INV-000935,2025-10-29,SKU-089,83,140,49,SUPP-046,19,4.0,9.65,92.6,1
INV-000936,2025-10-22,SKU-092,68,63,22,SUPP-040,10,0.4,4.74,16.6,0
INV-000937,2025-10-22,SKU-050,245,134,46,SUPP-038,18,2.3,12.27,75.0,0
INV-000938,2025-11-01,SKU-097,54,49,17,SUPP-006,9,0.0,5.82,100.8,1
INV-000939,2025-10-23,SKU-038,23,91,31,SUPP-029,21,1.6,8.76,92.7,1
INV-000940,2025-12-20,SKU-043,45,72,25,SUPP-015,10,0.0,7.24,47.1,1
INV-000941,2025-12-05,SKU-006,95,60,21,SUPP-006,9,3.6,8.78,115.0,1
INV-000942,2025-12-22,SKU-030,126,101,35,SUPP-017,20,0.0,4.75,57.2,1
INV-000943,2025-11-20,SKU-033,27,110,38,SUPP-042,15,1.9,13.9,17.3,0
INV-000944,2025-10-21,SKU-048,204,120,42,SUPP-030,7,0.6,9.91,20.4,0
INV-000945,2025-10-08,SKU-017,195,120,42,SUPP-013,4,0.0,7.56,31.0,0
INV-000946,2025-12-05,SKU-023,91,150,52,SUPP-030,7,3.7,9.15,114.2,1
INV-000947,2025-10-05,SKU-030,20,104,36,SUPP-017,20,0.7,7.75,94.1,1
INV-000948,2025-10-10,SKU-095,55,30,10,SUPP-049,21,0.4,3.67,82.0,1
INV-000949,2025-10-13,SKU-044,42,93,32,SUPP-019,6,1.8,10.64,123.5,1
INV-000950,2025-11-09,SKU-013,13,50,17,SUPP-044,11,0.9,10.32,63.8,1
INV-000951,2025-10-08,SKU-003,51,125,43,SUPP-018,10,1.3,8.12,74.3,1
INV-000952,2025-10-26,SKU-016,69,32,11,SUPP-015,10,1.3,11.04,29.0,0
INV-000953,2025-10-07,SKU-099,139,73,25,SUPP-036,12,1.1,8.52,64.8,0
INV-000954,2025-11-21,SKU-061,43,64,22,SUPP-036,12,1.4,11.93,73.4,1
INV-000955,2025-11-26,SKU-087,217,109,38,SUPP-031,13,2.7,10.97,32.4,0
INV-000956,2025-11-13,SKU-032,53,125,43,SUPP-014,13,2.0,5.49,87.3,1
INV-000957,2025-12-12,SKU-100,190,104,36,SUPP-017,20,5.0,13.97,65.3,1
INV-000958,2025-12-03,SKU-091,0,39,13,SUPP-042,15,1.7,9.52,77.9,1
INV-000959,2025-11-17,SKU-054,31,146,51,SUPP-027,18,0.4,12.94,57.1,1
INV-000960,2025-11-24,SKU-091,36,45,15,SUPP-042,15,0.2,11.42,19.0,0
INV-000961,2025-11-11,SKU-061,81,80,28,SUPP-036,12,0.0,4.98,49.7,0
INV-000962,2025-10-12,SKU-075,178,142,49,SUPP-017,20,0.6,11.54,63.1,0
INV-000963,2025-11-16,SKU-067,111,112,39,SUPP-037,4,0.1,6.54,25.3,0
INV-000964,2025-10-17,SKU-032,13,52,18,SUPP-014,13,3.5,9.43,39.5,1
INV-000965,2025-10-12,SKU-026,58,87,30,SUPP-034,6,0.3,4.76,34.5,0
INV-000966,2025-12-13,SKU-056,124,76,26,SUPP-001,18,0.0,10.94,83.1,1
INV-000967,2025-10-13,SKU-099,13,83,29,SUPP-036,12,3.4,13.23,105.1,1
INV-000968,2025-12-10,SKU-056,46,34,11,SUPP-001,18,0.0,8.69,53.9,1
INV-000969,2025-12-28,SKU-056,14,47,16,SUPP-001,18,2.4,7.36,41.2,1
INV-000970,2025-12-14,SKU-092,37,42,14,SUPP-040,10,1.9,3.68,56.3,1
INV-000971,2025-11-06,SKU-093,157,119,41,SUPP-038,18,0.0,11.63,106.4,1
INV-000972,2025-10-24,SKU-095,134,92,32,SUPP-049,21,0.0,5.35,41.2,0
INV-000973,2025-12-06,SKU-031,53,150,52,SUPP-031,13,5.7,11.64,82.5,1
INV-000974,2025-11-25,SKU-032,47,106,37,SUPP-014,13,2.1,10.23,29.5,0
INV-000975,2025-10-26,SKU-012,82,81,28,SUPP-018,10,0.0,10.49,124.8,1
INV-000976,2025-10-20,SKU-010,140,77,26,SUPP-004,8,1.4,5.15,56.1,0
INV-000977,2025-11-10,SKU-071,197,109,38,SUPP-004,8,1.5,11.02,56.9,0
INV-000978,2025-10-31,SKU-098,75,139,48,SUPP-035,18,0.5,13.33,22.6,0
INV-000979,2025-12-26,SKU-088,112,94,32,SUPP-045,6,0.2,9.2,47.5,0
INV-000980,2025-11-13,SKU-039,158,135,47,SUPP-035,18,0.0,5.36,71.5,1
INV-000981,2025-11-14,SKU-083,22,39,13,SUPP-039,20,1.1,4.22,46.9,1
INV-000982,2025-11-19,SKU-016,234,108,37,SUPP-015,10,3.2,8.2,78.3,0
INV-000983,2025-12-11,SKU-085,201,97,33,SUPP-042,15,1.1,12.35,95.0,1
INV-000984,2025-12-12,SKU-038,37,34,11,SUPP-029,21,2.2,13.6,108.4,1
INV-000985,2025-10-20,SKU-064,9,66,23,SUPP-047,10,3.2,9.11,79.0,1
INV-000986,2025-11-27,SKU-051,57,126,44,SUPP-008,4,3.4,10.17,41.0,0
INV-000987,2025-10-23,SKU-097,224,110,38,SUPP-006,9,0.8,12.89,95.7,0
INV-000988,2025-10-23,SKU-084,252,132,46,SUPP-005,14,4.3,4.01,67.1,0
INV-000989,2025-10-16,SKU-013,14,77,26,SUPP-044,11,1.8,13.18,34.5,1
INV-000990,2025-11-26,SKU-023,20,50,17,SUPP-030,7,1.1,7.83,70.0,1
INV-000991,2025-10-08,SKU-055,199,107,37,SUPP-009,15,0.7,13.06,129.6,1
INV-000992,2025-11-20,SKU-091,31,140,49,SUPP-042,15,1.5,12.92,71.8,1
INV-000993,2025-12-09,SKU-090,273,129,45,SUPP-015,10,0.5,4.65,28.4,0
INV-000994,2025-11-04,SKU-100,79,48,16,SUPP-017,20,0.0,12.41,18.2,0
INV-000995,2025-10-09,SKU-096,40,64,22,SUPP-047,10,0.0,12.74,16.9,0
INV-000996,2025-12-09,SKU-033,14,80,28,SUPP-042,15,0.0,5.43,28.4,1
INV-000997,2025-12-09,SKU-065,50,49,17,SUPP-012,8,0.3,12.53,54.7,1
INV-000998,2025-11-04,SKU-056,20,40,14,SUPP-001,18,3.0,5.47,57.8,1
INV-000999,2025-12-09,SKU-069,151,141,49,SUPP-014,13,2.3,5.72,31.0,0
INV-001000,2025-11-13,SKU-073,128,85,29,SUPP-017,20,0.0,13.67,108.5,1
INV-001001,2025-12-23,SKU-022,213,129,45,SUPP-013,4,0.0,11.7,58.6,0
INV-001002,2025-11-29,SKU-081,18,65,22,SUPP-030,7,1.6,12.31,40.3,1
INV-001003,2025-10-08,SKU-083,169,88,30,SUPP-039,20,4.4,11.23,53.9,1
INV-001004,2025-10-25,SKU-059,123,69,24,SUPP-037,4,0.9,10.15,66.7,0
INV-001005,2025-12-20,SKU-097,65,108,37,SUPP-006,9,0.0,4.39,115.9,1
INV-001006,2025-11-19,SKU-034,69,113,39,SUPP-023,10,0.0,6.83,95.5,1
INV-001007,2025-10-03,SKU-063,97,109,38,SUPP-011,12,0.2,3.86,101.0,1
INV-001008,2025-10-08,SKU-028,67,31,10,SUPP-009,15,1.5,8.26,79.1,1
INV-001009,2025-12-02,SKU-033,215,102,35,SUPP-042,15,3.4,6.36,27.1,0
INV-001010,2025-11-12,SKU-004,81,55,19,SUPP-013,4,2.5,5.96,41.4,0
INV-001011,2025-12-21,SKU-027,151,90,31,SUPP-040,10,1.1,4.09,42.8,0
INV-001012,2025-10-11,SKU-003,68,50,17,SUPP-018,10,0.4,7.06,65.3,1
INV-001013,2025-11-12,SKU-002,185,94,32,SUPP-049,21,0.0,11.01,102.7,1
INV-001014,2025-10-12,SKU-085,105,138,48,SUPP-042,15,1.4,13.23,66.6,1
INV-001015,2025-11-03,SKU-012,3,101,35,SUPP-018,10,0.2,6.03,103.0,1
INV-001016,2025-12-14,SKU-050,263,121,42,SUPP-038,18,3.1,7.39,79.1,0
INV-001017,2025-12-20,SKU-066,30,115,40,SUPP-050,6,0.0,6.6,98.8,1
INV-001018,2025-12-22,SKU-049,62,63,22,SUPP-002,10,3.6,7.64,50.0,1
INV-001019,2025-12-08,SKU-036,14,34,11,SUPP-046,19,0.7,6.84,20.1,1
INV-001020,2025-11-01,SKU-023,132,65,22,SUPP-030,7,1.1,3.6,125.5,1
INV-001021,2025-11-28,SKU-097,66,119,41,SUPP-006,9,2.6,7.93,127.3,1
INV-001022,2025-11-18,SKU-099,69,139,48,SUPP-036,12,3.4,4.54,94.6,1
INV-001023,2025-10-26,SKU-039,210,128,44,SUPP-035,18,1.1,13.52,46.0,0
INV-001024,2025-12-23,SKU-063,134,76,26,SUPP-011,12,1.5,10.29,71.1,0
INV-001025,2025-12-30,SKU-083,157,74,25,SUPP-039,20,0.6,8.36,90.1,1
INV-001026,2025-10-11,SKU-100,10,103,36,SUPP-017,20,0.2,9.45,59.5,1
INV-001027,2025-12-11,SKU-093,216,109,38,SUPP-038,18,2.2,6.67,97.0,1
INV-001028,2025-10-18,SKU-094,8,41,14,SUPP-045,6,0.0,11.12,75.4,1
INV-001029,2025-12-29,SKU-058,77,100,35,SUPP-040,10,2.0,6.28,89.3,1
INV-001030,2025-12-03,SKU-054,141,73,25,SUPP-027,18,1.2,7.34,95.8,1
INV-001031,2025-11-29,SKU-033,90,52,18,SUPP-042,15,2.6,12.52,90.7,1
INV-001032,2025-10-12,SKU-031,23,33,11,SUPP-031,13,1.5,11.59,48.9,1
INV-001033,2025-10-21,SKU-033,118,58,20,SUPP-042,15,1.1,8.67,52.1,0
INV-001034,2025-10-26,SKU-078,58,32,11,SUPP-003,16,2.6,7.82,87.0,1
INV-001035,2025-12-11,SKU-092,186,127,44,SUPP-040,10,2.8,4.23,119.2,1
INV-001036,2025-10-26,SKU-042,201,136,47,SUPP-016,19,1.2,4.19,38.4,0
INV-001037,2025-10-28,SKU-097,48,39,13,SUPP-006,9,1.4,5.1,79.3,1
INV-001038,2025-12-07,SKU-075,108,99,34,SUPP-017,20,0.3,8.09,37.5,0
INV-001039,2025-10-10,SKU-046,202,118,41,SUPP-039,20,0.0,7.41,92.5,1
INV-001040,2025-12-17,SKU-045,111,59,20,SUPP-034,6,3.8,8.56,79.6,0
INV-001041,2025-12-15,SKU-010,102,66,23,SUPP-004,8,1.5,7.29,17.6,0
INV-001042,2025-12-01,SKU-026,95,58,20,SUPP-034,6,1.4,4.01,52.9,0
INV-001043,2025-10-02,SKU-005,233,128,44,SUPP-019,6,4.1,8.97,95.8,0
INV-001044,2025-10-20,SKU-095,228,120,42,SUPP-049,21,3.8,11.85,98.8,1
INV-001045,2025-11-03,SKU-081,180,89,31,SUPP-030,7,1.3,8.61,42.2,0
INV-001046,2025-10-04,SKU-053,24,73,25,SUPP-035,18,0.1,10.96,117.3,1
INV-001047,2025-10-02,SKU-098,33,98,34,SUPP-035,18,0.9,5.17,117.2,1
INV-001048,2025-11-14,SKU-074,98,87,30,SUPP-033,20,0.6,11.67,101.3,1
INV-001049,2025-10-19,SKU-076,166,128,44,SUPP-009,15,0.0,13.99,73.2,0
INV-001050,2025-10-10,SKU-051,219,148,51,SUPP-008,4,0.0,13.6,77.0,0
INV-001051,2025-12-23,SKU-040,47,33,11,SUPP-009,15,1.4,9.68,73.5,1
INV-001052,2025-11-04,SKU-056,54,40,14,SUPP-001,18,0.6,8.5,42.1,1
INV-001053,2025-11-08,SKU-008,60,130,45,SUPP-006,9,1.8,9.93,124.5,1
INV-001054,2025-12-07,SKU-062,204,105,36,SUPP-003,16,0.5,6.6,53.8,0
INV-001055,2025-10-27,SKU-075,219,108,37,SUPP-017,20,0.0,8.71,66.5,0
INV-001056,2025-12-08,SKU-081,228,116,40,SUPP-030,7,5.3,13.66,39.8,0
INV-001057,2025-11-22,SKU-046,0,62,21,SUPP-039,20,0.5,4.96,19.5,1
INV-001058,2025-12-17,SKU-090,206,150,52,SUPP-015,10,0.0,6.65,97.2,0
INV-001059,2025-11-08,SKU-017,165,88,30,SUPP-013,4,0.6,8.75,79.7,0
INV-001060,2025-11-19,SKU-024,92,78,27,SUPP-023,10,3.0,5.83,17.3,0
INV-001061,2025-11-27,SKU-049,237,114,39,SUPP-002,10,0.0,6.87,67.5,0
INV-001062,2025-10-02,SKU-095,42,149,52,SUPP-049,21,2.2,6.79,122.0,1
INV-001063,2025-12-21,SKU-086,136,76,26,SUPP-048,21,0.7,5.8,49.1,1
INV-001064,2025-10-26,SKU-059,97,75,26,SUPP-037,4,2.7,10.44,35.6,0
INV-001065,2025-12-15,SKU-051,193,108,37,SUPP-008,4,0.8,5.72,96.4,0
INV-001066,2025-10-21,SKU-062,19,61,21,SUPP-003,16,0.8,6.71,115.1,1
INV-001067,2025-10-19,SKU-099,166,97,33,SUPP-036,12,3.1,7.57,91.9,1
INV-001068,2025-11-16,SKU-063,62,107,37,SUPP-011,12,1.1,4.09,94.3,1
INV-001069,2025-10-26,SKU-070,40,137,47,SUPP-004,8,0.5,11.13,40.1,0
INV-001070,2025-12-07,SKU-047,57,53,18,SUPP-046,19,1.9,9.06,74.5,1
INV-001071,2025-12-25,SKU-016,72,54,18,SUPP-015,10,2.4,10.97,50.4,1
INV-001072,2025-11-18,SKU-005,107,71,24,SUPP-019,6,0.0,3.92,103.3,0
INV-001073,2025-11-23,SKU-068,104,144,50,SUPP-010,16,2.9,11.25,75.3,1
INV-001074,2025-10-07,SKU-022,26,49,17,SUPP-013,4,0.0,7.9,89.6,1
INV-001075,2025-11-04,SKU-026,73,38,13,SUPP-034,6,0.0,6.3,97.5,1
INV-001076,2025-12-20,SKU-016,4,77,26,SUPP-015,10,3.0,7.28,104.0,1
INV-001077,2025-10-29,SKU-091,240,146,51,SUPP-042,15,0.8,7.06,24.5,0
INV-001078,2025-11-27,SKU-008,150,97,33,SUPP-006,9,0.0,13.15,26.5,0
INV-001079,2025-11-01,SKU-051,89,127,44,SUPP-008,4,0.1,5.22,59.1,0
INV-001080,2025-10-09,SKU-015,52,57,19,SUPP-039,20,0.7,10.58,67.6,1
INV-001081,2025-10-25,SKU-079,122,75,26,SUPP-010,16,1.3,11.77,105.5,1
INV-001082,2025-12-20,SKU-021,34,59,20,SUPP-036,12,1.4,4.96,45.7,1
INV-001083,2025-11-24,SKU-016,82,84,29,SUPP-015,10,2.7,9.72,50.9,0
INV-001084,2025-10-11,SKU-076,130,110,38,SUPP-009,15,0.4,8.18,91.1,1
INV-001085,2025-11-26,SKU-088,83,118,41,SUPP-045,6,3.3,12.49,106.8,1
INV-001086,2025-11-03,SKU-087,35,97,33,SUPP-031,13,0.5,8.97,74.4,1
INV-001087,2025-12-05,SKU-025,78,103,36,SUPP-032,12,0.1,9.3,126.0,1
INV-001088,2025-11-18,SKU-081,200,110,38,SUPP-030,7,1.3,9.87,45.2,0
INV-001089,2025-10-06,SKU-090,200,113,39,SUPP-015,10,0.0,9.11,80.9,0
INV-001090,2025-11-26,SKU-026,8,67,23,SUPP-034,6,1.9,9.38,130.0,1
INV-001091,2025-12-27,SKU-013,34,54,18,SUPP-044,11,1.7,12.75,62.7,1
INV-001092,2025-10-16,SKU-027,104,75,26,SUPP-040,10,0.0,12.83,21.3,0
INV-001093,2025-12-09,SKU-097,95,52,18,SUPP-006,9,0.8,12.36,129.7,1
INV-001094,2025-11-17,SKU-010,165,85,29,SUPP-004,8,1.9,4.53,123.7,0
INV-001095,2025-12-07,SKU-086,219,114,39,SUPP-048,21,0.0,13.71,31.7,0
INV-001096,2025-12-01,SKU-088,108,101,35,SUPP-045,6,0.0,4.87,110.9,0
INV-001097,2025-12-01,SKU-004,257,145,50,SUPP-013,4,0.7,3.99,26.1,0
INV-001098,2025-12-26,SKU-033,54,57,19,SUPP-042,15,0.7,7.96,38.2,1
INV-001099,2025-10-30,SKU-094,81,111,38,SUPP-045,6,3.4,7.7,115.2,1
INV-001100,2025-10-16,SKU-063,109,92,32,SUPP-011,12,1.9,6.26,101.9,1
INV-001101,2025-12-12,SKU-099,55,39,13,SUPP-036,12,2.7,12.65,20.9,0
INV-001102,2025-11-28,SKU-089,107,107,37,SUPP-046,19,1.9,13.3,101.0,1
INV-001103,2025-10-20,SKU-088,101,82,28,SUPP-045,6,1.7,8.27,108.2,1
INV-001104,2025-12-14,SKU-031,15,44,15,SUPP-031,13,0.0,3.79,105.8,1
INV-001105,2025-10-20,SKU-008,154,104,36,SUPP-006,9,0.0,5.9,59.1,0
INV-001106,2025-10-07,SKU-040,55,72,25,SUPP-009,15,0.4,10.47,64.1,1
INV-001107,2025-12-18,SKU-036,9,147,51,SUPP-046,19,2.0,11.29,89.8,1
INV-001108,2025-12-03,SKU-051,51,37,12,SUPP-008,4,1.2,3.72,15.4,0
INV-001109,2025-11-28,SKU-032,127,72,25,SUPP-014,13,0.8,6.82,79.1,1
INV-001110,2025-11-10,SKU-010,53,73,25,SUPP-004,8,2.7,4.57,23.8,0
INV-001111,2025-11-15,SKU-058,49,33,11,SUPP-040,10,1.4,5.2,39.5,1
INV-001112,2025-12-03,SKU-009,130,104,36,SUPP-030,7,1.9,13.06,115.5,0
INV-001113,2025-10-31,SKU-043,77,66,23,SUPP-015,10,0.1,5.41,100.7,1
INV-001114,2025-12-18,SKU-094,40,108,37,SUPP-045,6,0.0,8.9,69.5,1
INV-001115,2025-12-17,SKU-094,44,134,46,SUPP-045,6,1.2,10.51,82.6,1
INV-001116,2025-12-18,SKU-072,10,69,24,SUPP-049,21,0.8,9.54,57.7,1
INV-001117,2025-11-14,SKU-038,105,89,31,SUPP-029,21,1.6,12.37,19.9,0
INV-001118,2025-11-26,SKU-030,48,79,27,SUPP-017,20,1.0,7.51,68.6,1
INV-001119,2025-10-29,SKU-061,156,73,25,SUPP-036,12,4.9,12.95,99.2,1
INV-001120,2025-11-23,SKU-061,36,34,11,SUPP-036,12,1.6,9.77,123.8,1
INV-001121,2025-12-20,SKU-048,9,48,16,SUPP-030,7,0.0,6.2,99.7,1
INV-001122,2025-10-05,SKU-004,118,122,42,SUPP-013,4,0.0,8.25,16.3,0
INV-001123,2025-12-13,SKU-012,15,32,11,SUPP-018,10,2.4,5.22,99.9,1
INV-001124,2025-12-18,SKU-079,197,93,32,SUPP-010,16,2.0,9.81,86.2,1
INV-001125,2025-12-09,SKU-086,21,66,23,SUPP-048,21,1.3,4.99,66.8,1
INV-001126,2025-11-29,SKU-096,84,60,21,SUPP-047,10,0.0,13.98,57.4,0
INV-001127,2025-11-17,SKU-093,220,122,42,SUPP-038,18,1.0,13.48,66.9,0
INV-001128,2025-11-03,SKU-074,130,144,50,SUPP-033,20,0.0,6.22,114.4,1
INV-001129,2025-10-03,SKU-084,62,76,26,SUPP-005,14,0.0,10.99,106.0,1
INV-001130,2025-11-12,SKU-013,48,119,41,SUPP-044,11,1.3,12.52,18.3,0
INV-001131,2025-12-08,SKU-079,53,102,35,SUPP-010,16,2.7,7.28,58.1,1
INV-001132,2025-11-08,SKU-073,148,122,42,SUPP-017,20,0.5,12.76,73.3,1
INV-001133,2025-11-08,SKU-087,72,50,17,SUPP-031,13,3.4,8.64,127.2,1
INV-001134,2025-11-11,SKU-042,134,126,44,SUPP-016,19,0.0,13.07,118.8,1
INV-001135,2025-11-09,SKU-073,216,114,39,SUPP-017,20,0.5,11.77,36.4,0
INV-001136,2025-11-28,SKU-051,99,138,48,SUPP-008,4,0.0,9.78,118.2,0
INV-001137,2025-11-30,SKU-073,90,69,24,SUPP-017,20,1.5,9.89,106.6,1
INV-001138,2025-12-11,SKU-055,221,111,38,SUPP-009,15,5.0,9.19,41.5,0
INV-001139,2025-10-22,SKU-094,115,133,46,SUPP-045,6,1.8,11.8,128.7,1
INV-001140,2025-11-14,SKU-009,218,140,49,SUPP-030,7,0.5,10.49,53.7,0
INV-001141,2025-12-20,SKU-058,248,141,49,SUPP-040,10,1.5,12.63,34.3,0
INV-001142,2025-12-28,SKU-093,32,63,22,SUPP-038,18,2.9,4.49,46.7,1
INV-001143,2025-12-21,SKU-027,187,149,52,SUPP-040,10,1.0,9.46,119.0,0
INV-001144,2025-10-02,SKU-009,57,52,18,SUPP-030,7,3.1,11.72,77.3,1
INV-001145,2025-10-21,SKU-090,23,63,22,SUPP-015,10,0.0,6.9,117.8,1
INV-001146,2025-11-29,SKU-065,89,94,32,SUPP-012,8,1.1,6.76,101.6,1
INV-001147,2025-12-23,SKU-029,89,124,43,SUPP-041,19,0.5,13.99,71.6,1
INV-001148,2025-12-28,SKU-046,47,42,14,SUPP-039,20,0.0,4.3,35.3,1
INV-001149,2025-11-07,SKU-055,59,43,15,SUPP-009,15,1.4,10.59,56.4,1
INV-001150,2025-12-30,SKU-052,208,101,35,SUPP-046,19,1.5,4.84,82.9,1
INV-001151,2025-12-21,SKU-038,5,67,23,SUPP-029,21,0.1,11.26,74.7,1
INV-001152,2025-12-27,SKU-048,29,82,28,SUPP-030,7,0.7,5.59,105.4,1
INV-001153,2025-12-28,SKU-053,77,72,25,SUPP-035,18,2.4,12.26,79.7,1
INV-001154,2025-12-12,SKU-080,106,54,18,SUPP-019,6,2.5,9.58,36.9,0
INV-001155,2025-10-16,SKU-044,36,107,37,SUPP-019,6,0.0,13.35,101.6,1
INV-001156,2025-11-04,SKU-018,1,65,22,SUPP-025,3,4.4,13.45,79.0,1
INV-001157,2025-12-10,SKU-087,32,108,37,SUPP-031,13,1.7,4.25,54.3,1
INV-001158,2025-11-04,SKU-068,136,63,22,SUPP-010,16,1.0,8.79,116.3,1
INV-001159,2025-12-21,SKU-096,24,145,50,SUPP-047,10,3.6,10.37,62.0,1
INV-001160,2025-12-06,SKU-067,5,134,46,SUPP-037,4,0.7,12.99,78.7,1
INV-001161,2025-11-02,SKU-027,39,141,49,SUPP-040,10,0.0,9.69,99.8,1
INV-001162,2025-11-09,SKU-028,32,43,15,SUPP-009,15,1.0,13.4,36.4,1
INV-001163,2025-10-18,SKU-015,125,68,23,SUPP-039,20,0.8,11.04,129.3,1
INV-001164,2025-11-06,SKU-082,219,108,37,SUPP-019,6,2.0,11.63,112.7,0
INV-001165,2025-12-25,SKU-058,152,110,38,SUPP-040,10,1.5,4.71,128.3,1
INV-001166,2025-11-16,SKU-035,75,148,51,SUPP-016,19,0.1,13.86,123.5,1
INV-001167,2025-12-27,SKU-009,109,85,29,SUPP-030,7,6.8,8.24,17.5,0
INV-001168,2025-10-14,SKU-062,244,132,46,SUPP-003,16,0.9,7.51,66.0,0
INV-001169,2025-11-01,SKU-024,52,82,28,SUPP-023,10,0.3,6.73,114.6,1
INV-001170,2025-10-27,SKU-018,163,128,44,SUPP-025,3,0.0,10.19,28.1,0
INV-001171,2025-11-05,SKU-095,195,141,49,SUPP-049,21,2.5,7.28,73.3,1
INV-001172,2025-10-18,SKU-048,8,38,13,SUPP-030,7,1.6,10.61,113.8,1
INV-001173,2025-11-21,SKU-013,148,128,44,SUPP-044,11,0.0,13.31,115.6,1
INV-001174,2025-10-26,SKU-005,19,49,17,SUPP-019,6,0.0,4.41,81.4,1
INV-001175,2025-10-14,SKU-037,109,59,20,SUPP-014,13,1.7,12.24,35.5,0
INV-001176,2025-10-15,SKU-094,19,61,21,SUPP-045,6,0.0,10.78,93.5,1
INV-001177,2025-12-16,SKU-037,70,94,32,SUPP-014,13,0.1,4.81,74.2,1
INV-001178,2025-10-03,SKU-003,19,57,19,SUPP-018,10,1.1,13.64,67.4,1
INV-001179,2025-11-05,SKU-029,42,35,12,SUPP-041,19,1.8,9.23,111.1,1
INV-001180,2025-12-03,SKU-051,47,57,19,SUPP-008,4,2.5,7.45,94.6,1
INV-001181,2025-11-03,SKU-071,212,100,35,SUPP-004,8,0.0,6.25,27.2,0
INV-001182,2025-12-06,SKU-053,292,139,48,SUPP-035,18,0.0,10.56,33.3,0
INV-001183,2025-10-02,SKU-085,131,134,46,SUPP-042,15,0.0,10.89,102.7,1
INV-001184,2025-12-12,SKU-025,152,102,35,SUPP-032,12,1.7,13.06,57.9,0
INV-001185,2025-11-03,SKU-002,17,111,38,SUPP-049,21,1.9,4.1,118.7,1
INV-001186,2025-12-24,SKU-075,77,122,42,SUPP-017,20,1.4,12.13,16.5,0
INV-001187,2025-10-29,SKU-005,5,68,23,SUPP-019,6,1.0,6.67,103.8,1
INV-001188,2025-10-22,SKU-075,78,46,16,SUPP-017,20,0.7,4.84,25.3,0
INV-001189,2025-10-25,SKU-079,27,30,10,SUPP-010,16,1.0,7.31,88.5,1
INV-001190,2025-10-05,SKU-081,32,62,21,SUPP-030,7,0.9,4.77,118.0,1
INV-001191,2025-12-13,SKU-029,219,104,36,SUPP-041,19,0.0,7.24,80.4,0
INV-001192,2025-10-02,SKU-046,40,117,40,SUPP-039,20,0.0,4.27,100.1,1
INV-001193,2025-11-02,SKU-081,147,145,50,SUPP-030,7,4.1,8.87,42.4,0
INV-001194,2025-10-27,SKU-073,12,136,47,SUPP-017,20,2.7,8.65,108.0,1
INV-001195,2025-12-27,SKU-085,122,73,25,SUPP-042,15,3.1,8.87,62.6,1
INV-001196,2025-12-07,SKU-096,192,110,38,SUPP-047,10,1.9,11.97,92.7,0
INV-001197,2025-11-15,SKU-100,129,80,28,SUPP-017,20,0.6,6.15,83.0,1
INV-001198,2025-11-02,SKU-015,169,143,50,SUPP-039,20,1.3,13.33,103.6,1
INV-001199,2025-11-09,SKU-089,199,140,49,SUPP-046,19,0.0,11.44,115.5,1
INV-001200,2025-11-23,SKU-016,233,107,37,SUPP-015,10,4.5,12.44,98.2,0
INV-001201,2025-10-29,SKU-081,97,65,22,SUPP-030,7,0.8,13.64,128.5,1
INV-001202,2025-12-04,SKU-004,15,118,41,SUPP-013,4,0.0,10.16,22.5,0
INV-001203,2025-11-10,SKU-030,66,42,14,SUPP-017,20,2.7,6.54,104.8,1
INV-001204,2025-10-16,SKU-092,24,83,29,SUPP-040,10,2.0,5.86,128.8,1
INV-001205,2025-12-28,SKU-096,210,102,35,SUPP-047,10,0.6,7.2,75.1,0
INV-001206,2025-12-10,SKU-006,14,68,23,SUPP-006,9,4.2,11.56,96.0,1
INV-001207,2025-12-07,SKU-040,224,102,35,SUPP-009,15,1.9,4.0,65.3,0
INV-001208,2025-10-15,SKU-064,44,68,23,SUPP-047,10,1.8,3.91,92.7,1
INV-001209,2025-11-22,SKU-096,306,143,50,SUPP-047,10,1.3,13.58,74.5,0
INV-001210,2025-12-15,SKU-091,182,117,40,SUPP-042,15,0.9,4.9,32.2,0
INV-001211,2025-10-18,SKU-012,81,133,46,SUPP-018,10,1.8,5.83,66.9,1
INV-001212,2025-12-11,SKU-037,19,70,24,SUPP-014,13,1.6,4.03,107.6,1
INV-001213,2025-10-16,SKU-067,171,86,30,SUPP-037,4,1.4,11.25,82.9,0
INV-001214,2025-10-06,SKU-017,107,129,45,SUPP-013,4,0.0,8.17,46.7,0
INV-001215,2025-12-05,SKU-058,163,136,47,SUPP-040,10,2.3,7.94,45.9,0
INV-001216,2025-11-03,SKU-099,169,106,37,SUPP-036,12,0.7,7.82,82.8,0
INV-001217,2025-11-10,SKU-056,151,92,32,SUPP-001,18,0.0,4.85,123.1,1
INV-001218,2025-12-28,SKU-048,75,76,26,SUPP-030,7,3.0,8.29,104.7,1
INV-001219,2025-10-28,SKU-061,224,102,35,SUPP-036,12,0.1,9.93,52.0,0
INV-001220,2025-12-19,SKU-099,9,74,25,SUPP-036,12,1.7,13.2,33.6,1
INV-001221,2025-12-11,SKU-036,192,111,38,SUPP-046,19,2.3,3.73,87.9,1
INV-001222,2025-11-02,SKU-051,13,101,35,SUPP-008,4,1.3,13.87,35.4,0
INV-001223,2025-11-05,SKU-020,97,75,26,SUPP-020,6,0.8,8.43,68.6,0
INV-001224,2025-10-28,SKU-039,177,106,37,SUPP-035,18,2.2,6.29,35.3,0
INV-001225,2025-12-22,SKU-023,24,116,40,SUPP-030,7,2.5,13.9,52.6,1
INV-001226,2025-11-26,SKU-070,57,69,24,SUPP-004,8,0.6,12.08,105.9,1
INV-001227,2025-10-26,SKU-085,125,137,47,SUPP-042,15,1.1,6.44,75.9,1
INV-001228,2025-11-27,SKU-026,43,51,17,SUPP-034,6,4.1,9.88,94.8,1
INV-001229,2025-10-20,SKU-072,60,83,29,SUPP-049,21,2.0,13.58,68.1,1
INV-001230,2025-12-20,SKU-090,126,75,26,SUPP-015,10,0.0,10.74,55.7,0
INV-001231,2025-10-16,SKU-084,53,37,12,SUPP-005,14,1.9,8.55,74.6,1
INV-001232,2025-11-14,SKU-030,176,128,44,SUPP-017,20,1.7,4.82,45.6,0
INV-001233,2025-11-20,SKU-054,112,72,25,SUPP-027,18,2.8,3.76,31.2,0
INV-001234,2025-10-16,SKU-079,105,126,44,SUPP-010,16,3.2,4.97,122.3,1
INV-001235,2025-10-11,SKU-026,140,108,37,SUPP-034,6,1.6,7.97,44.8,0
INV-001236,2025-10-19,SKU-092,133,145,50,SUPP-040,10,3.9,11.23,73.1,0
INV-001237,2025-12-22,SKU-092,79,47,16,SUPP-040,10,0.0,11.54,51.1,0
INV-001238,2025-10-22,SKU-073,93,116,40,SUPP-017,20,0.1,12.25,116.0,1
INV-001239,2025-10-05,SKU-076,44,54,18,SUPP-009,15,0.0,4.45,50.0,1
INV-001240,2025-12-24,SKU-024,118,74,25,SUPP-023,10,0.4,13.42,94.0,1
INV-001241,2025-11-10,SKU-016,41,36,12,SUPP-015,10,2.9,7.43,110.6,1
INV-001242,2025-12-13,SKU-080,161,108,37,SUPP-019,6,1.3,10.77,58.7,0
INV-001243,2025-11-24,SKU-074,72,137,47,SUPP-033,20,1.0,10.79,47.7,1
INV-001244,2025-10-02,SKU-031,63,49,17,SUPP-031,13,0.0,9.57,79.5,1
INV-001245,2025-11-28,SKU-041,72,98,34,SUPP-041,19,1.5,9.46,50.7,1
INV-001246,2025-12-15,SKU-012,281,128,44,SUPP-018,10,0.0,5.17,114.7,0
INV-001247,2025-10-23,SKU-013,24,128,44,SUPP-044,11,0.9,12.24,60.4,1
INV-001248,2025-12-10,SKU-099,0,56,19,SUPP-036,12,2.1,9.88,85.5,1
INV-001249,2025-11-07,SKU-074,319,147,51,SUPP-033,20,0.0,4.82,44.9,0
INV-001250,2025-11-05,SKU-063,38,35,12,SUPP-011,12,3.8,8.41,79.3,1
INV-001251,2025-10-21,SKU-049,224,102,35,SUPP-002,10,4.0,11.63,94.6,0
INV-001252,2025-11-05,SKU-096,66,50,17,SUPP-047,10,0.1,8.66,56.8,1
INV-001253,2025-11-23,SKU-077,127,130,45,SUPP-031,13,2.5,11.7,51.3,0
INV-001254,2025-12-09,SKU-071,289,146,51,SUPP-004,8,2.4,8.38,119.9,0
INV-001255,2025-11-16,SKU-078,82,72,25,SUPP-003,16,0.8,11.73,121.0,1
INV-001256,2025-12-01,SKU-029,134,70,24,SUPP-041,19,2.1,10.13,53.9,1
INV-001257,2025-12-15,SKU-080,72,69,24,SUPP-019,6,4.5,3.86,46.4,0
INV-001258,2025-11-19,SKU-044,99,75,26,SUPP-019,6,0.0,7.61,93.3,0
INV-001259,2025-10-21,SKU-011,43,47,16,SUPP-015,10,1.3,10.27,88.6,1
INV-001260,2025-12-25,SKU-044,28,46,16,SUPP-019,6,1.0,7.0,59.0,1
INV-001261,2025-10-19,SKU-044,186,91,31,SUPP-019,6,0.5,11.38,55.0,0
INV-001262,2025-11-04,SKU-097,39,115,40,SUPP-006,9,3.3,13.02,44.3,1
INV-001263,2025-11-02,SKU-090,84,54,18,SUPP-015,10,1.2,13.89,55.8,0
INV-001264,2025-10-10,SKU-028,65,51,17,SUPP-009,15,0.8,13.41,41.6,1
INV-001265,2025-11-28,SKU-064,131,110,38,SUPP-047,10,0.0,13.06,49.8,0
INV-001266,2025-11-09,SKU-048,3,89,31,SUPP-030,7,0.0,6.6,90.3,1
INV-001267,2025-10-27,SKU-062,59,145,50,SUPP-003,16,0.0,11.65,36.6,0
INV-001268,2025-10-20,SKU-046,16,90,31,SUPP-039,20,1.5,6.71,66.8,1
INV-001269,2025-11-29,SKU-084,122,83,29,SUPP-005,14,0.3,13.68,69.8,1
INV-001270,2025-10-29,SKU-038,33,45,15,SUPP-029,21,0.0,4.76,72.1,1
INV-001271,2025-11-29,SKU-067,183,103,36,SUPP-037,4,2.1,11.1,18.2,0
INV-001272,2025-10-13,SKU-018,156,113,39,SUPP-025,3,2.8,8.22,103.3,0
INV-001273,2025-12-20,SKU-066,103,91,31,SUPP-050,6,1.2,4.4,76.2,0
INV-001274,2025-12-26,SKU-044,51,59,20,SUPP-019,6,2.5,8.22,113.6,1
INV-001275,2025-10-08,SKU-060,8,42,14,SUPP-008,4,0.0,5.57,124.9,1
INV-001276,2025-11-23,SKU-087,18,114,39,SUPP-031,13,0.4,11.7,53.2,1
INV-001277,2025-10-18,SKU-028,116,69,24,SUPP-009,15,0.9,11.72,45.5,0
INV-001278,2025-11-10,SKU-080,207,98,34,SUPP-019,6,1.9,13.39,123.8,0
INV-001279,2025-10-05,SKU-051,137,103,36,SUPP-008,4,1.1,5.92,55.7,0
INV-001280,2025-12-29,SKU-024,32,137,47,SUPP-023,10,1.7,13.41,84.2,1
INV-001281,2025-11-07,SKU-097,19,41,14,SUPP-006,9,1.4,9.95,116.0,1
INV-001282,2025-11-18,SKU-036,23,120,42,SUPP-046,19,0.0,12.65,27.2,1
INV-001283,2025-11-13,SKU-031,28,126,44,SUPP-031,13,0.0,6.56,20.3,0
INV-001284,2025-12-03,SKU-012,35,84,29,SUPP-018,10,2.5,12.17,81.1,1
INV-001285,2025-11-30,SKU-047,206,120,42,SUPP-046,19,2.4,13.29,64.3,0
INV-001286,2025-10-13,SKU-052,23,30,10,SUPP-046,19,0.0,5.7,31.0,1
INV-001287,2025-11-25,SKU-023,15,35,12,SUPP-030,7,0.5,6.76,67.6,1
INV-001288,2025-11-20,SKU-008,48,53,18,SUPP-006,9,1.3,12.61,85.6,1
INV-001289,2025-12-17,SKU-004,49,76,26,SUPP-013,4,2.8,6.77,27.8,0
INV-001290,2025-11-16,SKU-083,159,78,27,SUPP-039,20,4.9,11.24,91.1,1
INV-001291,2025-10-11,SKU-033,25,38,13,SUPP-042,15,4.2,13.21,109.8,1
INV-001292,2025-10-03,SKU-054,58,107,37,SUPP-027,18,0.0,7.84,102.8,1
INV-001293,2025-12-05,SKU-053,260,139,48,SUPP-035,18,1.5,12.99,55.8,0
INV-001294,2025-11-02,SKU-047,90,48,16,SUPP-046,19,0.0,5.68,104.7,1
INV-001295,2025-12-17,SKU-005,214,103,36,SUPP-019,6,0.1,6.99,109.1,0
INV-001296,2025-10-09,SKU-058,49,52,18,SUPP-040,10,2.9,3.68,111.8,1
INV-001297,2025-11-17,SKU-004,54,130,45,SUPP-013,4,4.3,9.53,38.5,0
INV-001298,2025-12-13,SKU-064,1,99,34,SUPP-047,10,1.4,13.54,17.3,1
INV-001299,2025-12-05,SKU-025,198,91,31,SUPP-032,12,2.5,10.39,111.3,1
INV-001300,2025-11-17,SKU-084,30,33,11,SUPP-005,14,0.0,13.36,94.0,1
INV-001301,2025-11-25,SKU-002,59,129,45,SUPP-049,21,4.2,7.47,65.9,1
INV-001302,2025-11-18,SKU-068,90,77,26,SUPP-010,16,1.3,8.2,98.2,1
INV-001303,2025-10-25,SKU-041,129,69,24,SUPP-041,19,0.4,10.0,30.4,0
INV-001304,2025-12-11,SKU-055,163,106,37,SUPP-009,15,0.7,12.68,66.1,0
INV-001305,2025-10-18,SKU-016,86,100,35,SUPP-015,10,2.0,10.79,117.9,1
INV-001306,2025-12-26,SKU-036,23,99,34,SUPP-046,19,2.3,13.11,19.9,1
INV-001307,2025-11-21,SKU-061,14,30,10,SUPP-036,12,3.4,6.99,95.1,1
INV-001308,2025-12-05,SKU-031,42,34,11,SUPP-031,13,0.0,10.04,24.9,0
INV-001309,2025-10-02,SKU-064,83,110,38,SUPP-047,10,2.3,10.14,81.5,1
INV-001310,2025-10-06,SKU-011,126,120,42,SUPP-015,10,1.5,13.64,61.2,0
INV-001311,2025-11-09,SKU-099,92,49,17,SUPP-036,12,0.4,13.96,36.2,0
INV-001312,2025-10-21,SKU-084,71,107,37,SUPP-005,14,2.1,12.89,119.7,1
INV-001313,2025-11-07,SKU-057,0,140,49,SUPP-015,10,1.4,10.88,34.3,1
INV-001314,2025-10-08,SKU-008,62,148,51,SUPP-006,9,0.0,13.42,62.7,0
INV-001315,2025-10-21,SKU-051,131,73,25,SUPP-008,4,1.6,12.06,108.4,0
INV-001316,2025-11-16,SKU-005,127,85,29,SUPP-019,6,0.0,6.4,127.5,0
INV-001317,2025-11-04,SKU-017,34,96,33,SUPP-013,4,3.7,11.55,50.9,1
INV-001318,2025-11-28,SKU-048,169,108,37,SUPP-030,7,0.2,12.71,36.6,0
INV-001319,2025-10-04,SKU-074,30,31,10,SUPP-033,20,1.4,7.05,108.6,1
INV-001320,2025-10-13,SKU-039,16,112,39,SUPP-035,18,0.0,8.82,43.5,1
INV-001321,2025-12-29,SKU-052,64,88,30,SUPP-046,19,3.0,8.49,29.0,1
INV-001322,2025-11-18,SKU-046,1,64,22,SUPP-039,20,0.7,5.26,112.9,1
INV-001323,2025-10-27,SKU-086,81,50,17,SUPP-048,21,1.3,6.47,53.9,1
INV-001324,2025-10-16,SKU-034,53,105,36,SUPP-023,10,3.7,13.41,103.3,1
INV-001325,2025-11-08,SKU-055,85,86,30,SUPP-009,15,2.8,4.66,99.5,1
INV-001326,2025-10-23,SKU-095,102,57,19,SUPP-049,21,1.7,9.4,61.2,1
INV-001327,2025-11-21,SKU-018,15,70,24,SUPP-025,3,0.5,8.36,71.0,1
INV-001328,2025-10-25,SKU-053,26,36,12,SUPP-035,18,2.5,6.68,95.3,1
INV-001329,2025-12-05,SKU-100,6,109,38,SUPP-017,20,0.5,7.88,84.0,1
INV-001330,2025-10-20,SKU-060,24,43,15,SUPP-008,4,2.6,10.9,26.0,0
INV-001331,2025-12-16,SKU-039,7,125,43,SUPP-035,18,0.0,11.56,17.3,1
INV-001332,2025-11-23,SKU-099,70,86,30,SUPP-036,12,0.0,5.36,64.3,1
INV-001333,2025-10-10,SKU-015,104,92,32,SUPP-039,20,2.4,10.96,124.7,1
INV-001334,2025-12-18,SKU-044,29,34,11,SUPP-019,6,0.3,11.71,49.5,1
INV-001335,2025-12-15,SKU-001,59,38,13,SUPP-027,18,1.4,9.62,85.7,1
INV-001336,2025-12-13,SKU-038,30,100,35,SUPP-029,21,0.6,11.67,31.0,1
INV-001337,2025-12-13,SKU-067,112,61,21,SUPP-037,4,0.0,11.64,97.8,0
INV-001338,2025-11-15,SKU-079,146,145,50,SUPP-010,16,1.6,10.31,48.5,0
INV-001339,2025-10-27,SKU-012,98,76,26,SUPP-018,10,1.5,8.95,90.9,1
INV-001340,2025-12-24,SKU-009,214,135,47,SUPP-030,7,1.3,5.35,40.3,0
INV-001341,2025-11-22,SKU-028,100,134,46,SUPP-009,15,0.0,6.63,27.6,0
INV-001342,2025-11-05,SKU-064,34,62,21,SUPP-047,10,1.4,9.73,31.6,1
INV-001343,2025-10-02,SKU-019,19,45,15,SUPP-046,19,0.0,10.61,50.4,1
INV-001344,2025-11-12,SKU-007,32,84,29,SUPP-015,10,2.2,4.41,89.5,1
INV-001345,2025-10-02,SKU-041,154,104,36,SUPP-041,19,0.0,5.22,71.8,1
INV-001346,2025-10-03,SKU-064,101,107,37,SUPP-047,10,1.3,6.43,92.0,1
INV-001347,2025-11-20,SKU-021,130,119,41,SUPP-036,12,2.5,12.2,76.8,1
INV-001348,2025-11-07,SKU-086,8,85,29,SUPP-048,21,0.0,3.88,75.9,1
INV-001349,2025-11-26,SKU-019,45,49,17,SUPP-046,19,0.0,10.34,111.1,1
INV-001350,2025-11-17,SKU-085,211,150,52,SUPP-042,15,0.0,13.1,126.3,1
INV-001351,2025-11-02,SKU-094,229,126,44,SUPP-045,6,0.0,7.55,114.9,0
INV-001352,2025-10-12,SKU-070,185,142,49,SUPP-004,8,1.7,9.31,37.2,0
INV-001353,2025-11-27,SKU-097,103,100,35,SUPP-006,9,0.0,8.18,46.2,0
INV-001354,2025-10-05,SKU-024,39,55,19,SUPP-023,10,2.0,12.3,20.9,0
INV-001355,2025-12-25,SKU-038,95,46,16,SUPP-029,21,0.2,12.47,109.7,1
INV-001356,2025-12-01,SKU-096,61,120,42,SUPP-047,10,0.0,10.5,102.0,1
INV-001357,2025-12-28,SKU-067,134,94,32,SUPP-037,4,1.0,4.9,28.1,0
INV-001358,2025-10-27,SKU-013,118,124,43,SUPP-044,11,0.6,12.34,89.3,1
INV-001359,2025-12-29,SKU-093,86,45,15,SUPP-038,18,3.3,13.94,120.9,1
INV-001360,2025-11-25,SKU-038,248,135,47,SUPP-029,21,3.0,10.49,34.7,0
INV-001361,2025-11-08,SKU-007,37,55,19,SUPP-015,10,1.8,12.42,115.1,1
INV-001362,2025-12-30,SKU-022,167,124,43,SUPP-013,4,0.0,7.02,92.8,0
INV-001363,2025-11-14,SKU-028,110,61,21,SUPP-009,15,0.0,10.09,120.3,1
INV-001364,2025-12-20,SKU-089,10,47,16,SUPP-046,19,1.2,12.44,94.4,1
INV-001365,2025-11-10,SKU-065,24,115,40,SUPP-012,8,4.6,11.82,106.1,1
INV-001366,2025-10-31,SKU-100,87,94,32,SUPP-017,20,0.0,6.51,90.9,1
INV-001367,2025-11-27,SKU-023,182,146,51,SUPP-030,7,2.4,10.22,72.1,0
INV-001368,2025-12-03,SKU-041,69,95,33,SUPP-041,19,1.8,6.3,47.5,1
INV-001369,2025-12-09,SKU-089,263,131,45,SUPP-046,19,2.5,5.79,118.1,1
INV-001370,2025-10-06,SKU-001,9,64,22,SUPP-027,18,0.2,10.03,37.8,1
INV-001371,2025-10-15,SKU-051,74,55,19,SUPP-008,4,3.0,7.43,92.1,1
INV-001372,2025-12-09,SKU-095,23,36,12,SUPP-049,21,4.2,4.27,71.6,1
INV-001373,2025-10-18,SKU-048,15,75,26,SUPP-030,7,0.0,11.66,66.1,1
INV-001374,2025-11-19,SKU-011,59,45,15,SUPP-015,10,0.5,9.12,60.8,1
INV-001375,2025-11-22,SKU-076,242,138,48,SUPP-009,15,3.8,11.0,53.3,0
INV-001376,2025-12-22,SKU-002,71,52,18,SUPP-049,21,1.4,6.89,94.6,1
INV-001377,2025-12-27,SKU-091,72,133,46,SUPP-042,15,0.5,10.91,42.0,0
INV-001378,2025-11-23,SKU-002,85,72,25,SUPP-049,21,0.0,11.25,47.7,1
INV-001379,2025-11-10,SKU-002,39,103,36,SUPP-049,21,1.7,10.59,57.8,1
INV-001380,2025-11-24,SKU-008,196,142,49,SUPP-006,9,4.5,7.91,71.9,0
INV-001381,2025-11-06,SKU-061,63,31,10,SUPP-036,12,0.0,7.63,32.5,0
INV-001382,2025-10-07,SKU-008,147,72,25,SUPP-006,9,0.7,5.6,97.8,0
INV-001383,2025-10-05,SKU-034,85,40,14,SUPP-023,10,0.0,12.45,68.1,1
INV-001384,2025-10-06,SKU-064,170,83,29,SUPP-047,10,0.0,11.21,106.7,0
INV-001385,2025-12-23,SKU-001,41,30,10,SUPP-027,18,0.2,5.8,87.9,1
INV-001386,2025-10-20,SKU-070,113,116,40,SUPP-004,8,0.0,11.91,25.2,0
INV-001387,2025-11-20,SKU-031,61,50,17,SUPP-031,13,1.8,3.99,109.8,1
INV-001388,2025-10-08,SKU-037,108,69,24,SUPP-014,13,0.0,6.78,78.1,1
INV-001389,2025-10-02,SKU-030,277,136,47,SUPP-017,20,1.2,6.83,125.7,1
INV-001390,2025-11-10,SKU-031,227,135,47,SUPP-031,13,3.3,8.37,59.9,0
INV-001391,2025-11-09,SKU-079,263,120,42,SUPP-010,16,2.4,6.62,91.2,0
INV-001392,2025-11-07,SKU-090,94,130,45,SUPP-015,10,0.8,12.18,15.6,0
INV-001393,2025-12-12,SKU-092,254,119,41,SUPP-040,10,0.0,12.87,125.9,0
INV-001394,2025-12-13,SKU-063,163,145,50,SUPP-011,12,0.4,12.45,26.2,0
INV-001395,2025-12-28,SKU-066,209,130,45,SUPP-050,6,2.7,9.65,74.1,0
INV-001396,2025-11-13,SKU-070,174,106,37,SUPP-004,8,3.2,9.3,55.2,0
INV-001397,2025-11-29,SKU-007,148,78,27,SUPP-015,10,4.7,11.39,129.8,1
INV-001398,2025-12-23,SKU-047,150,70,24,SUPP-046,19,2.3,8.2,45.4,0
INV-001399,2025-10-03,SKU-001,156,132,46,SUPP-027,18,0.1,6.18,83.3,1
INV-001400,2025-11-01,SKU-041,39,67,23,SUPP-041,19,4.1,13.89,108.8,1
INV-001401,2025-10-14,SKU-036,18,112,39,SUPP-046,19,1.8,6.19,121.4,1
INV-001402,2025-12-24,SKU-089,104,51,17,SUPP-046,19,2.0,8.58,59.5,1
INV-001403,2025-12-13,SKU-080,78,59,20,SUPP-019,6,2.8,6.35,112.1,1
INV-001404,2025-12-08,SKU-026,55,122,42,SUPP-034,6,1.4,7.07,82.9,1
INV-001405,2025-12-01,SKU-078,78,47,16,SUPP-003,16,1.7,9.92,49.8,1
INV-001406,2025-12-25,SKU-009,217,148,51,SUPP-030,7,1.6,9.7,26.4,0
INV-001407,2025-11-01,SKU-024,61,52,18,SUPP-023,10,2.0,11.77,102.0,1
INV-001408,2025-12-11,SKU-002,28,111,38,SUPP-049,21,1.8,13.88,24.9,1
INV-001409,2025-12-04,SKU-069,18,35,12,SUPP-014,13,2.4,4.95,18.9,1
INV-001410,2025-10-09,SKU-036,156,140,49,SUPP-046,19,0.8,9.3,125.2,1
INV-001411,2025-11-21,SKU-038,219,109,38,SUPP-029,21,0.0,7.43,54.4,0
INV-001412,2025-12-24,SKU-094,159,117,40,SUPP-045,6,0.0,7.07,81.8,0
INV-001413,2025-12-22,SKU-020,69,108,37,SUPP-020,6,0.0,11.67,96.6,0
INV-001414,2025-12-08,SKU-057,29,47,16,SUPP-015,10,1.8,4.61,122.7,1
INV-001415,2025-11-09,SKU-077,44,33,11,SUPP-031,13,2.7,12.24,111.1,1
INV-001416,2025-12-07,SKU-019,47,116,40,SUPP-046,19,2.2,9.15,57.3,1
INV-001417,2025-11-25,SKU-053,40,37,12,SUPP-035,18,1.9,11.78,29.0,1
INV-001418,2025-10-31,SKU-056,105,115,40,SUPP-001,18,3.1,11.04,49.1,1
INV-001419,2025-11-21,SKU-008,111,68,23,SUPP-006,9,2.2,5.56,107.4,1
INV-001420,2025-11-12,SKU-010,137,97,33,SUPP-004,8,3.9,11.27,29.2,0
INV-001421,2025-11-17,SKU-076,19,52,18,SUPP-009,15,2.8,6.09,104.6,1
INV-001422,2025-10-22,SKU-019,115,113,39,SUPP-046,19,2.3,6.97,19.3,0
INV-001423,2025-12-24,SKU-074,13,63,22,SUPP-033,20,0.0,5.35,106.2,1
INV-001424,2025-12-04,SKU-013,66,65,22,SUPP-044,11,2.9,6.32,28.6,0
INV-001425,2025-12-25,SKU-007,3,59,20,SUPP-015,10,0.3,13.18,83.4,1
INV-001426,2025-11-07,SKU-001,69,39,13,SUPP-027,18,0.0,5.1,65.0,1
INV-001427,2025-12-13,SKU-092,107,55,19,SUPP-040,10,1.2,7.15,62.3,0
INV-001428,2025-12-30,SKU-014,121,108,37,SUPP-010,16,0.0,9.3,40.0,0
INV-001429,2025-11-29,SKU-004,167,105,36,SUPP-013,4,1.7,13.17,99.3,0
INV-001430,2025-11-28,SKU-043,157,134,46,SUPP-015,10,2.2,10.81,62.5,0
INV-001431,2025-10-05,SKU-026,105,106,37,SUPP-034,6,0.0,6.43,27.3,0
INV-001432,2025-12-09,SKU-100,30,149,52,SUPP-017,20,2.9,5.31,125.6,1
INV-001433,2025-12-04,SKU-083,66,46,16,SUPP-039,20,2.1,12.22,129.0,1
INV-001434,2025-12-03,SKU-028,131,86,30,SUPP-009,15,0.7,13.41,96.2,1
INV-001435,2025-10-17,SKU-024,72,144,50,SUPP-023,10,3.6,3.96,18.7,0
INV-001436,2025-10-22,SKU-003,155,94,32,SUPP-018,10,1.3,11.82,63.8,0
INV-001437,2025-10-09,SKU-025,175,143,50,SUPP-032,12,0.0,9.65,109.1,0
INV-001438,2025-10-15,SKU-021,121,120,42,SUPP-036,12,2.5,12.26,113.7,1
INV-001439,2025-12-24,SKU-080,53,133,46,SUPP-019,6,1.6,11.15,56.3,0
INV-001440,2025-11-01,SKU-070,32,54,18,SUPP-004,8,1.1,6.21,82.4,1
INV-001441,2025-12-02,SKU-016,73,134,46,SUPP-015,10,0.6,5.31,48.3,0
INV-001442,2025-11-29,SKU-045,102,96,33,SUPP-034,6,3.8,9.28,79.2,0
INV-001443,2025-10-08,SKU-091,117,72,25,SUPP-042,15,0.0,13.48,77.0,1
INV-001444,2025-12-26,SKU-006,108,147,51,SUPP-006,9,3.1,5.53,57.9,0
INV-001445,2025-11-25,SKU-049,46,99,34,SUPP-002,10,0.7,4.87,82.4,1
INV-001446,2025-11-05,SKU-049,142,99,34,SUPP-002,10,1.1,5.27,64.3,0
INV-001447,2025-12-04,SKU-003,50,134,46,SUPP-018,10,1.0,11.89,103.1,1
INV-001448,2025-10-31,SKU-025,6,52,18,SUPP-032,12,1.3,8.37,76.9,1
INV-001449,2025-10-26,SKU-038,64,98,34,SUPP-029,21,2.0,12.66,75.1,1
INV-001450,2025-11-21,SKU-054,297,144,50,SUPP-027,18,1.7,9.82,73.7,0
INV-001451,2025-11-29,SKU-015,34,37,12,SUPP-039,20,0.0,11.88,98.2,1
INV-001452,2025-11-16,SKU-018,69,75,26,SUPP-025,3,0.0,8.39,83.1,0
INV-001453,2025-10-10,SKU-069,102,77,26,SUPP-014,13,3.8,13.62,102.0,1
INV-001454,2025-11-08,SKU-014,130,75,26,SUPP-010,16,0.0,13.98,38.3,0
INV-001455,2025-12-09,SKU-077,63,64,22,SUPP-031,13,1.5,7.37,24.7,0
INV-001456,2025-10-07,SKU-063,81,55,19,SUPP-011,12,0.5,8.64,113.3,1
INV-001457,2025-12-21,SKU-009,41,57,19,SUPP-030,7,0.4,7.93,20.1,0
INV-001458,2025-12-06,SKU-087,86,47,16,SUPP-031,13,2.9,11.48,115.0,1
INV-001459,2025-12-21,SKU-001,227,141,49,SUPP-027,18,2.7,11.5,62.7,0
INV-001460,2025-10-05,SKU-065,32,43,15,SUPP-012,8,4.8,8.28,23.0,1
INV-001461,2025-11-21,SKU-001,82,89,31,SUPP-027,18,1.0,4.1,83.0,1
INV-001462,2025-10-25,SKU-097,2,120,42,SUPP-006,9,0.5,9.21,108.7,1
INV-001463,2025-10-29,SKU-087,58,57,19,SUPP-031,13,1.9,4.47,104.0,1
INV-001464,2025-10-17,SKU-032,107,65,22,SUPP-014,13,0.0,9.94,87.4,1
INV-001465,2025-10-15,SKU-036,188,87,30,SUPP-046,19,2.1,7.05,21.5,0
INV-001466,2025-12-08,SKU-046,240,112,39,SUPP-039,20,1.1,8.71,66.4,0
INV-001467,2025-10-19,SKU-071,122,78,27,SUPP-004,8,1.7,12.74,109.2,1
INV-001468,2025-10-20,SKU-092,217,125,43,SUPP-040,10,2.1,3.99,67.8,0
INV-001469,2025-11-28,SKU-073,122,94,32,SUPP-017,20,1.4,5.93,86.1,1
INV-001470,2025-12-18,SKU-090,52,118,41,SUPP-015,10,1.9,13.05,87.4,1
INV-001471,2025-11-15,SKU-038,128,75,26,SUPP-029,21,0.0,4.26,110.8,1
INV-001472,2025-12-10,SKU-009,24,104,36,SUPP-030,7,2.3,3.69,60.8,1
INV-001473,2025-10-28,SKU-003,5,94,32,SUPP-018,10,1.3,4.96,15.5,1
INV-001474,2025-12-14,SKU-077,116,107,37,SUPP-031,13,3.6,12.02,51.6,0
INV-001475,2025-12-14,SKU-083,187,122,42,SUPP-039,20,2.2,12.74,98.3,1
INV-001476,2025-11-20,SKU-020,61,47,16,SUPP-020,6,2.6,7.42,22.8,0
INV-001477,2025-12-07,SKU-070,0,35,12,SUPP-004,8,4.4,11.88,126.4,1
INV-001478,2025-11-28,SKU-082,26,103,36,SUPP-019,6,3.6,12.63,62.7,1
INV-001479,2025-12-17,SKU-028,8,99,34,SUPP-009,15,0.7,4.85,51.0,1
INV-001480,2025-11-29,SKU-067,39,125,43,SUPP-037,4,0.4,7.16,18.5,0
INV-001481,2025-11-05,SKU-091,24,62,21,SUPP-042,15,0.5,5.38,71.9,1
INV-001482,2025-10-13,SKU-085,217,148,51,SUPP-042,15,0.1,11.37,21.2,0
INV-001483,2025-10-24,SKU-024,258,128,44,SUPP-023,10,1.5,5.56,79.4,0
INV-001484,2025-10-27,SKU-054,42,101,35,SUPP-027,18,0.4,4.3,72.1,1
INV-001485,2025-12-22,SKU-070,244,129,45,SUPP-004,8,2.8,10.79,51.4,0
INV-001486,2025-10-17,SKU-011,44,33,11,SUPP-015,10,1.3,11.71,59.1,1
INV-001487,2025-12-01,SKU-043,13,104,36,SUPP-015,10,2.7,4.4,62.9,1
INV-001488,2025-11-29,SKU-082,171,99,34,SUPP-019,6,2.2,11.23,58.7,0
INV-001489,2025-10-05,SKU-076,89,50,17,SUPP-009,15,1.9,13.73,123.7,1
INV-001490,2025-12-26,SKU-006,23,39,13,SUPP-006,9,1.9,11.8,28.3,1
INV-001491,2025-11-20,SKU-073,31,109,38,SUPP-017,20,0.0,3.53,75.2,1
INV-001492,2025-11-29,SKU-031,71,72,25,SUPP-031,13,0.3,6.14,39.6,0
INV-001493,2025-12-11,SKU-096,12,72,25,SUPP-047,10,0.0,3.85,35.7,1
INV-001494,2025-11-04,SKU-097,189,120,42,SUPP-006,9,0.0,6.13,67.8,0
INV-001495,2025-12-05,SKU-029,179,129,45,SUPP-041,19,2.2,8.24,20.7,0
INV-001496,2025-12-26,SKU-065,270,124,43,SUPP-012,8,0.6,8.94,103.9,0
INV-001497,2025-11-23,SKU-082,18,103,36,SUPP-019,6,2.0,12.65,105.7,1
INV-001498,2025-11-07,SKU-005,20,34,11,SUPP-019,6,2.2,6.49,116.3,1
INV-001499,2025-12-30,SKU-081,13,53,18,SUPP-030,7,0.7,10.0,109.6,1
INV-001500,2025-10-19,SKU-042,232,128,44,SUPP-016,19,2.0,8.72,110.9,1
